VariantVcf.String,VariantVcf.Valid,Chromosome.String,Chromosome.Valid,Position.String,Position.Valid,RefVcf.String,RefVcf.Valid,AltVcf.String,AltVcf.Valid,BravoAn.Int32,BravoAn.Valid,BravoAc.Int32,BravoAc.Valid,BravoAf.Float64,BravoAf.Valid,FilterStatus.String,FilterStatus.Valid,Rsid.String,Rsid.Valid,GenecodeComprehensiveCategory.String,GenecodeComprehensiveCategory.Valid,GenecodeComprehensiveInfo.String,GenecodeComprehensiveInfo.Valid,GenecodeComprehensiveExonicCategory.String,GenecodeComprehensiveExonicCategory.Valid,GenecodeComprehensiveExonicInfo.String,GenecodeComprehensiveExonicInfo.Valid,UcscInfo.String,UcscInfo.Valid,UcscExonicInfo.String,UcscExonicInfo.Valid,Polyphen2HdivScore.Float64,Polyphen2HdivScore.Valid,Polyphen2HvarScore.Float64,Polyphen2HvarScore.Valid,MutationTasterScore.Float64,MutationTasterScore.Valid,MutationAssessorScore.Float64,MutationAssessorScore.Valid,MetasvmPred.String,MetasvmPred.Valid,RefseqInfo.String,RefseqInfo.Valid,RefseqExonicInfo.String,RefseqExonicInfo.Valid,CagePromoter.String,CagePromoter.Valid,CageEnhancer.String,CageEnhancer.Valid,Genehancer.String,Genehancer.Valid,SuperEnhancer.String,SuperEnhancer.Valid,Clnsig.String,Clnsig.Valid,Clnsigincl.String,Clnsigincl.Valid,Clndn.String,Clndn.Valid,Clndnincl.String,Clndnincl.Valid,Clnrevstat.String,Clnrevstat.Valid,Origin.String,Origin.Valid,Clndisdb.String,Clndisdb.Valid,Clndisdbincl.String,Clndisdbincl.Valid,Geneinfo.String,Geneinfo.Valid,Linsight.Float64,Linsight.Valid,FathmmXf.Float64,FathmmXf.Valid,Gc.Float64,Gc.Valid,Cpg.Float64,Cpg.Valid,MinDistTss.Int32,MinDistTss.Valid,MinDistTse.Int32,MinDistTse.Valid,SiftCat.String,SiftCat.Valid,SiftVal.Float64,SiftVal.Valid,PolyphenCat.String,PolyphenCat.Valid,PolyphenVal.Float64,PolyphenVal.Valid,Priphcons.Float64,Priphcons.Valid,Mamphcons.Float64,Mamphcons.Valid,Verphcons.Float64,Verphcons.Valid,Priphylop.Float64,Priphylop.Valid,Mamphylop.Float64,Mamphylop.Valid,Verphylop.Float64,Verphylop.Valid,Bstatistic.Float64,Bstatistic.Valid,ChmmE1.Float64,ChmmE1.Valid,ChmmE2.Float64,ChmmE2.Valid,ChmmE3.Float64,ChmmE3.Valid,ChmmE4.Float64,ChmmE4.Valid,ChmmE5.Float64,ChmmE5.Valid,ChmmE6.Float64,ChmmE6.Valid,ChmmE7.Float64,ChmmE7.Valid,ChmmE8.Float64,ChmmE8.Valid,ChmmE9.Float64,ChmmE9.Valid,ChmmE10.Float64,ChmmE10.Valid,ChmmE11.Float64,ChmmE11.Valid,ChmmE12.Float64,ChmmE12.Valid,ChmmE13.Float64,ChmmE13.Valid,ChmmE14.Float64,ChmmE14.Valid,ChmmE15.Float64,ChmmE15.Valid,ChmmE16.Float64,ChmmE16.Valid,ChmmE17.Float64,ChmmE17.Valid,ChmmE18.Float64,ChmmE18.Valid,ChmmE19.Float64,ChmmE19.Valid,ChmmE20.Float64,ChmmE20.Valid,ChmmE21.Float64,ChmmE21.Valid,ChmmE22.Float64,ChmmE22.Valid,ChmmE23.Float64,ChmmE23.Valid,ChmmE24.Float64,ChmmE24.Valid,ChmmE25.Float64,ChmmE25.Valid,GerpN.Float64,GerpN.Valid,GerpS.Float64,GerpS.Valid,Encodeh3k4me1Sum.Float64,Encodeh3k4me1Sum.Valid,Encodeh3k4me2Sum.Float64,Encodeh3k4me2Sum.Valid,Encodeh3k4me3Sum.Float64,Encodeh3k4me3Sum.Valid,Encodeh3k9acSum.Float64,Encodeh3k9acSum.Valid,Encodeh3k9me3Sum.Float64,Encodeh3k9me3Sum.Valid,Encodeh3k27acSum.Float64,Encodeh3k27acSum.Valid,Encodeh3k27me3Sum.Float64,Encodeh3k27me3Sum.Valid,Encodeh3k36me3Sum.Float64,Encodeh3k36me3Sum.Valid,Encodeh3k79me2Sum.Float64,Encodeh3k79me2Sum.Valid,Encodeh4k20me1Sum.Float64,Encodeh4k20me1Sum.Valid,Encodeh2afzSum.Float64,Encodeh2afzSum.Valid,EncodeDnaseSum.Float64,EncodeDnaseSum.Valid,EncodetotalRnaSum.Float64,EncodetotalRnaSum.Valid,Grantham.Float64,Grantham.Valid,Freq100bp.Float64,Freq100bp.Valid,Rare100bp.Float64,Rare100bp.Valid,Sngl100bp.Float64,Sngl100bp.Valid,Freq1000bp.Float64,Freq1000bp.Valid,Rare1000bp.Float64,Rare1000bp.Valid,Sngl1000bp.Float64,Sngl1000bp.Valid,Freq10000bp.Float64,Freq10000bp.Valid,Rare10000bp.Float64,Rare10000bp.Valid,Sngl10000bp.Float64,Sngl10000bp.Valid,RemapOverlapTf.Float64,RemapOverlapTf.Valid,RemapOverlapCl.Float64,RemapOverlapCl.Valid,CaddRawscore.Float64,CaddRawscore.Valid,CaddPhred.Float64,CaddPhred.Valid,ApcConservationV2.Float64,ApcConservationV2.Valid,ApcEpigeneticsActive.Float64,ApcEpigeneticsActive.Valid,ApcEpigeneticsRepressed.Float64,ApcEpigeneticsRepressed.Valid,ApcEpigeneticsTranscription.Float64,ApcEpigeneticsTranscription.Valid,ApcLocalNucleotideDiversityV3.Float64,ApcLocalNucleotideDiversityV3.Valid,ApcMappability.Float64,ApcMappability.Valid,ApcMutationDensity.Float64,ApcMutationDensity.Valid,ApcProteinFunctionV3.Float64,ApcProteinFunctionV3.Valid,ApcTranscriptionFactor.Float64,ApcTranscriptionFactor.Valid,TgAfr.Float64,TgAfr.Valid,TgAll.Float64,TgAll.Valid,TgAmr.Float64,TgAmr.Valid,TgEas.Float64,TgEas.Valid,TgEur.Float64,TgEur.Valid,TgSas.Float64,TgSas.Valid,AfTotal.Float64,AfTotal.Valid,AfAsjFemale.Float64,AfAsjFemale.Valid,AfEasFemale.Float64,AfEasFemale.Valid,AfAfrMale.Float64,AfAfrMale.Valid,AfFemale.Float64,AfFemale.Valid,AfFinMale.Float64,AfFinMale.Valid,AfOthFemale.Float64,AfOthFemale.Valid,AfAmi.Float64,AfAmi.Valid,AfOth.Float64,AfOth.Valid,AfMale.Float64,AfMale.Valid,AfAmiFemale.Float64,AfAmiFemale.Valid,AfAfr.Float64,AfAfr.Valid,AfEasMale.Float64,AfEasMale.Valid,AfSas.Float64,AfSas.Valid,AfNfeFemale.Float64,AfNfeFemale.Valid,AfAsjMale.Float64,AfAsjMale.Valid,AfRaw.Float64,AfRaw.Valid,AfOthMale.Float64,AfOthMale.Valid,AfNfeMale.Float64,AfNfeMale.Valid,AfAsj.Float64,AfAsj.Valid,AfAmrMale.Float64,AfAmrMale.Valid,AfAmrFemale.Float64,AfAmrFemale.Valid,AfSasFemale.Float64,AfSasFemale.Valid,AfFin.Float64,AfFin.Valid,AfAfrFemale.Float64,AfAfrFemale.Valid,AfSasMale.Float64,AfSasMale.Valid,AfAmr.Float64,AfAmr.Valid,AfNfe.Float64,AfNfe.Valid,AfEas.Float64,AfEas.Valid,AfAmiMale.Float64,AfAmiMale.Valid,AfFinFemale.Float64,AfFinFemale.Valid,K24Bismap.Float64,K24Bismap.Valid,K24Umap.Float64,K24Umap.Valid,K36Bismap.Float64,K36Bismap.Valid,K36Umap.Float64,K36Umap.Valid,K50Bismap.Float64,K50Bismap.Valid,K50Umap.Float64,K50Umap.Valid,K100Bismap.Float64,K100Bismap.Valid,K100Umap.Float64,K100Umap.Valid,RecombinationRate.Float64,RecombinationRate.Valid,Nucdiv.Float64,Nucdiv.Valid,AloftValue.String,AloftValue.Valid,AloftDescription.String,AloftDescription.Valid,FunseqValue.String,FunseqValue.Valid,FunseqDescription.String,FunseqDescription.Valid,ProteinVariant.String,ProteinVariant.Valid,AmPathogenicity.Float64,AmPathogenicity.Valid,AmClass.String,AmClass.Valid,Qual.String,Qual.Valid,Filter.String,Filter.Valid,Pn.String,Pn.Valid,Mr.Float64,Mr.Valid,Ar.Float64,Ar.Valid,Mg.Float64,Mg.Valid,Mc.Float64,Mc.Valid,Cds.String,Cds.Valid,Aa.String,Aa.Valid,Hgvsc.String,Hgvsc.Valid,Hgvsp.String,Hgvsp.Valid,Hgvsg.String,Hgvsg.Valid,GenomeScreenSampleCount.Int32,GenomeScreenSampleCount.Valid,IsCanonical.String,IsCanonical.Valid,Tier.String,Tier.Valid,SoTerm.String,SoTerm.Valid
1-87734095-T-A,true,1,true,87734095,true,T,true,A,true,264690,true,95485,true,0.360743,true,PASS,true,rs12131120,true,ncRNA_intronic,true,PKN2-AS1,true,,false,,false,"ENST00000642677.1,ENST00000645056.1",true,,false,0,false,0,false,0,false,0,false,,false,"LINC01364(dist=362440),PKN2-AS1(dist=803418)",true,,false,,false,,false,,false,,false,,false,,false,,false,,false,,false,,false,,false,,false,,false,1.49889687144913,true,7.96944006810834,true,0.417,true,0.013,true,494203,true,47865,true,,false,0,false,,false,0,false,0.103,true,0,true,0,true,0.321,true,-0.481,true,-0.458,true,861,true,0,true,0,true,0,true,33,true,0,true,0,true,0,true,0,true,0,true,0,true,0,true,0,true,0,true,0,true,15,true,0,true,0,true,0,true,0,true,0,true,0,true,0,true,0,true,0,true,0,true,4.6,true,-9.2,true,9.87,true,6.68,true,9.38,true,8.46,true,9.01,true,10.16,true,16.77,true,5.51,true,5.15,true,11.27,true,13.13,true,0.34,true,0,true,0,false,1,true,1,true,16,true,2,true,8,true,142,true,24,true,44,true,1426,true,0,false,0,false,-0.062114,true,1.251,true,1.72965754768044,true,9.60071519958181,true,3.46714399550694,true,7.63525080859513,true,2.15670371830137,true,3.22072863473201,true,1.886560557956,true,2.96948703027658,true,3.14278746314415,true,0.0446,true,0.254992,true,0.4207,true,0.0675,true,0.5398,true,0.3221,true,0.380173,true,0.559158,true,0.0484094,true,0.110823,true,0.378945,true,0.539357,true,0.387067,true,0.508889,true,0.392558,true,0.38148,true,0.482979,true,0.111394,true,0.0570071,true,0.337286,true,0.522727,true,0.547436,true,0.38034,true,0.398289,true,0.520299,true,0.553647,true,0.448811,true,0.437691,true,0.333922,true,0.54576,true,0.11188,true,0.338057,true,0.444004,true,0.521705,true,0.0530351,true,0.537209,true,0.566,true,0.208,true,1,true,1,true,1,true,1,true,1,true,1,true,1,true,1.357,true,2.8,true,,false,,false,,false,noncoding,true,,false,0,false,,false,,false,TFBS,true,AATCC,true,0.050999999046325684,true,0,false,0.050999999046325684,true,2.819999933242798,true,,false,,false,,false,,false,,false,0,false,,false,,false,,false
1-111721652-T-C,true,1,true,111721652,true,T,true,C,true,264690,true,69975,true,0.264366,true,PASS,true,rs2076591,true,downstream,true,INKA2,true,,false,,false,ENST00000527570.1,true,,false,0,false,0,false,0,false,0,false,,false,INKA2,true,,false,,false,,false,Name=1.1;genehancer_id=GH01I111718;connected_gene=RAP1A;score=18.07;connected_gene=DDX20;score=12.56;connected_gene=FAM212B;score=12.54;connected_gene=ENSG00000273483;score=10.90;connected_gene=OVGP1;score=9.33;connected_gene=FAM212B-AS1;score=4.69;connected_gene=LINC01160;score=4.49;connected_gene=GC01M111722;score=0.77;connected_gene=GC01P111714;score=0.44,true,"SE_41274,SE_48822,SE_08534,SE_29963",true,,false,,false,,false,,false,,false,,false,,false,,false,,false,7.04285048766173,true,0.453093353450391,true,0.503,true,0.027,true,17712,true,413,true,,false,0,false,,false,0,false,0,true,0,true,0,true,-1.709,true,0.033,true,0.039,true,574,true,0,true,0,true,1,true,0,true,0,true,0,true,0,true,0,true,0,true,0,true,0,true,12,true,9,true,1,true,16,true,0,true,0,true,0,true,0,true,0,true,1,true,0,true,0,true,4,true,4,true,2.43,true,-4.87,true,47.31,true,19.7,true,16.89,true,12.14,true,8.59,true,27.77,true,9.62,true,4.5,true,5.51,true,12.54,true,16.09,true,1.1,true,0.04,true,0,false,1,true,1,true,9,true,3,true,9,true,115,true,26,true,70,true,1406,true,11,true,16,true,-0.116769,true,0.909,true,0.530738425839824,true,13.1001741486654,true,3.93327968074829,true,8.17228639093168,true,2.08434721264394,true,4.063256251674,true,2.01326888930468,true,2.96948703027658,true,11.4046201587896,true,0.4614,true,0.274361,true,0.1816,true,0.1687,true,0.2346,true,0.2372,true,0.260019,true,0.172355,true,0.178177,true,0.410209,true,0.263288,true,0.165571,true,0.239526,true,0.353007,true,0.24581,true,0.256539,true,0.344017,true,0.407146,true,0.158929,true,0.216678,true,0.202752,true,0.153205,true,0.260211,true,0.252381,true,0.205902,true,0.163351,true,0.194365,true,0.189468,true,0.224382,true,0.169067,true,0.404539,true,0.214919,true,0.192246,true,0.204078,true,0.167839,true,0.362791,true,0.180112,true,0.333,true,1,true,1,true,1,true,1,true,1,true,1,true,1,true,1.772,true,3.8,true,,false,,false,,false,noncoding,true,,false,0,false,,false,,false,TFBS,true,TATGG,true,0.4000000059604645,true,0,false,0.20000000298023224,true,16.84000015258789,true,,false,,false,,false,,false,,false,0,false,,false,,false,,false
1-154895579-G-T,true,1,true,154895579,true,G,true,T,true,264690,true,129977,true,0.491054,true,PASS,true,rs4845681,true,intergenic,true,"KCNN3(dist=25298),PMVK(dist=29161)",true,,false,,false,"ENST00000271915.8(dist=25299),ENST00000368467.3(dist=29155)",true,,false,0,false,0,false,0,false,0,false,,false,"KCNN3(dist=25298),PMVK(dist=29161)",true,,false,,false,,false,,false,,false,,false,,false,,false,,false,,false,,false,,false,,false,,false,3.03804115571057,true,3.48732324585267,true,0.358,true,0,true,25299,true,29156,true,,false,0,false,,false,0,false,0.214,true,0,true,0,true,0.469,true,-0.158,true,-0.143,true,346,true,0,true,0,true,0,true,13,true,0,true,0,true,0,true,0,true,0,true,0,true,0,true,0,true,0,true,0,true,13,true,0,true,0,true,0,true,0,true,0,true,15,true,7,true,0,true,0,true,0,true,4.78,true,-9.56,true,3.91,true,6.44,true,4.45,true,6.87,true,5.16,true,2.87,true,25.17,true,2.37,true,4.03,true,8.11,true,4.74,true,0.29,true,0.01,true,0,false,1,true,0,true,6,true,1,true,4,true,132,true,12,true,51,true,1232,true,4,true,4,true,-0.058019,true,1.28,true,3.86546189009635,true,2.54144750360694,true,4.26829923923825,true,1.08860931289124,true,9.22200589877147,true,8.10064214072377,true,8.55479630963879,true,2.96948703027658,true,7.43004899711169,true,0.5174,true,0.604034,true,0.6527,true,0.8849,true,0.4026,true,0.6043,true,0.46965,true,0.470455,true,0.864454,true,0.534758,true,0.464016,true,0.407332,true,0.47541,true,0.308036,true,0.473881,true,0.475653,true,0.320513,true,0.53193,true,0.860285,true,0.620316,true,0.396768,true,0.467949,true,0.46972,true,0.472275,true,0.396493,true,0.469277,true,0.556074,true,0.556083,true,0.590426,true,0.409335,true,0.529523,true,0.627119,true,0.556078,true,0.396653,true,0.862212,true,0.294393,true,0.415667,true,0.667,true,1,true,1,true,1,true,1,true,1,true,1,true,1,true,0.1625,true,1.75,true,,false,,false,,false,noncoding,true,,false,0,false,,false,,false,TFBS,true,AAGGT,true,0.08299999684095383,true,0,false,0.03099999949336052,true,5.840000152587891,true,,false,,false,,false,,false,,false,0,false,,false,,false,,false
1-184222582-C-T,true,1,true,184222582,true,C,true,T,true,264690,true,85192,true,0.321856,true,PASS,true,rs12046452,true,intergenic,true,"RF00019(dist=50759),RF00019(dist=93076)",true,,false,,false,"ENST00000362970.1(dist=50759),ENST00000384352.2(dist=93076)",true,,false,0,false,0,false,0,false,0,false,,false,"TSEN15(dist=125097),C1orf21(dist=164447)",true,,false,,false,,false,,false,,false,,false,,false,,false,,false,,false,,false,,false,,false,,false,5.74451232059598,true,4.08821002786598,true,0.543,true,0.013,true,50759,true,50868,true,,false,0,false,,false,0,false,0.006,true,0,true,0,true,-0.553,true,0.233,true,0.25,true,854,true,0,true,0,true,0,true,10,true,11,true,0,true,0,true,0,true,0,true,0,true,0,true,1,true,0,true,0,true,10,true,0,true,0,true,0,true,0,true,0,true,5,true,0,true,3,true,8,true,0,true,5.18,true,-1.3,true,21.41,true,12.95,true,13.34,true,9.17,true,6.8,true,10.64,true,9.24,true,2.38,true,5.67,true,12.65,true,19.41,true,0.77,true,0.01,true,0,false,1,true,0,true,12,true,4,true,3,true,140,true,41,true,68,true,1387,true,33,true,118,true,0.158722,true,3.525,true,2.16438991135499,true,9.66226559597112,true,1.82315081818136,true,2.36630266747135,true,1.36116651471533,true,6.15011622241618,true,1.9138252478833,true,2.96948703027658,true,18.6176624251871,true,0.1573,true,0.342252,true,0.33,true,0.498,true,0.3966,true,0.3845,true,0.328351,true,0.326705,true,0.522161,true,0.192933,true,0.321934,true,0.458902,true,0.330292,true,0.293333,true,0.338619,true,0.335181,true,0.306383,true,0.195818,true,0.525656,true,0.404402,true,0.374866,true,0.315621,true,0.328471,true,0.347328,true,0.375884,true,0.321493,true,0.359892,true,0.34502,true,0.365248,true,0.460711,true,0.198277,true,0.413306,true,0.353458,true,0.375295,true,0.524038,true,0.27907,true,0.466427,true,0.542,true,1,true,1,true,1,true,1,true,1,true,1,true,1,true,0.525,true,5.4,true,,false,,false,,false,noncoding,true,,false,0,false,,false,,false,TFBS,true,CTCGA,true,1.0499999523162842,true,0,false,1.6519999504089355,true,71,true,,false,,false,,false,,false,,false,0,false,,false,,false,,false
1-219521561-C-A,true,1,true,219521561,true,C,true,A,true,264690,true,97347,true,0.367777,true,PASS,true,rs12034581,true,intergenic,true,"LYPLAL1-AS1(dist=62192),AL356364.1(dist=35631)",true,,false,,false,"ENST00000640010.1(dist=62192),ENST00000458443.1(dist=35631)",true,,false,0,false,0,false,0,false,0,false,,false,,false,,false,,false,,false,,false,,false,,false,,false,,false,,false,,false,,false,,false,,false,,false,5.53052104259016,true,4.45535832870436,true,0.371,true,0,true,35632,true,36141,true,,false,0,false,,false,0,false,0.254,true,0,true,0,true,-0.824,true,-0.127,true,-0.114,true,827,true,1,true,0,true,0,true,29,true,0,true,0,true,0,true,0,true,0,true,0,true,0,true,0,true,1,true,0,true,13,true,0,true,0,true,0,true,0,true,0,true,3,true,0,true,0,true,1,true,0,true,4.05,true,-8.09,true,3.92,true,4.44,true,7.73,true,7.32,true,6.5,true,8.81,true,13.59,true,1.84,true,3.2,true,8.61,true,10.59,true,0.11,true,0,false,0,false,1,true,1,true,12,true,1,true,7,true,140,true,17,true,69,true,1384,true,14,true,28,true,-0.108554,true,0.955,true,1.70016147433049,true,6.55205355917782,true,3.21714204001105,true,2.09147354354874,true,2.86501575031295,true,17.0935885334977,true,2.44056259460113,true,2.96948703027658,true,13.0069360053147,true,0.084,true,0.345847,true,0.2925,true,0.3254,true,0.5189,true,0.5808,true,0.392457,true,0.585698,true,0.294199,true,0.159818,true,0.393214,true,0.472131,true,0.408015,true,0.733853,true,0.420465,true,0.391652,true,0.739316,true,0.161712,true,0.279953,true,0.561473,true,0.522051,true,0.599232,true,0.392549,true,0.43346,true,0.520116,true,0.592058,true,0.342173,true,0.344851,true,0.576241,true,0.47268,true,0.163327,true,0.558111,true,0.343333,true,0.521237,true,0.286535,true,0.727907,true,0.47442,true,0.917,true,1,true,1,true,1,true,1,true,1,true,1,true,1,true,0.3965,true,2.75,true,,false,,false,,false,noncoding,true,,false,0,false,,false,,false,TFBS,true,TACAT,true,0.06199999898672104,true,0,false,0.04800000041723251,true,3.109999895095825,true,,false,,false,,false,,false,,false,0,false,,false,,false,,false
1-219780925-G-A,true,1,true,219780925,true,G,true,A,true,264690,true,188650,true,0.712721,true,PASS,true,rs6664688,true,intergenic,true,"ZC3H11B(dist=167780),NONE(dist=NONE)",true,,false,,false,ENST00000484239.5,true,,false,0,false,0,false,0,false,0,false,,false,,false,,false,,false,,false,,false,,false,,false,,false,,false,,false,,false,,false,,false,,false,,false,1.14223953904929,true,0.549692022431367,true,0.371,true,0.027,true,177723,true,95498,true,,false,0,false,,false,0,false,0.017,true,0.002,true,0.002,true,0.328,true,0.326,true,0.336,true,918,true,0,true,0,true,0,true,35,true,0,true,0,true,0,true,0,true,0,true,0,true,0,true,0,true,0,true,0,true,9,true,0,true,0,true,0,true,0,true,0,true,3,true,1,true,0,true,0,true,0,true,3.7,true,3.7,true,6.24,true,4.16,true,4.55,true,4.53,true,6.23,true,4.69,true,11.15,true,1.81,true,3.55,true,7.05,true,7.88,true,0.32,true,0.01,true,0,false,1,true,1,true,14,true,3,true,5,true,157,true,38,true,66,true,1543,true,0,false,0,false,0.056112,true,2.3,true,3.77742882176363,true,3.53161919587049,true,4.00854342114875,true,1.2645299588751,true,0.738804677238356,true,12.6226436069955,true,0.929554402379175,true,2.96948703027658,true,3.14278746314415,true,0.5393,true,0.64996,true,0.7305,true,0.5605,true,0.7942,true,0.6861,true,0.73267,true,0.700341,true,0.55,true,0.597035,true,0.732278,true,0.843325,true,0.701818,true,0.778396,true,0.709963,true,0.733086,true,0.779915,true,0.597352,true,0.552506,true,0.687705,true,0.818912,true,0.707426,true,0.732471,true,0.718511,true,0.813259,true,0.70367,true,0.735385,true,0.710321,true,0.678445,true,0.845366,true,0.597622,true,0.689822,true,0.724527,true,0.816532,true,0.551348,true,0.776744,true,0.851837,true,0.833,true,1,true,1,true,1,true,1,true,1,true,1,true,1,true,0,false,5.75,true,,false,,false,,false,noncoding,true,,false,0,false,,false,,false,TFBS,true,AAGTT,true,0.17399999499320984,true,0,false,0.14800000190734863,true,8.109999656677246,true,,false,,false,,false,,false,,false,0,false,,false,,false,,false
10-23109519-G-C,true,10,true,23109519,true,G,true,C,true,264690,true,176965,true,0.668575,true,PASS,true,rs1857279,true,ncRNA_intronic,true,AL139815.1,true,,false,,false,"ENST00000376510.7,ENST00000472663.1",true,,false,0,false,0,false,0,false,0,false,,false,,false,,false,,false,,false,,false,,false,,false,,false,,false,,false,,false,,false,,false,,false,,false,3.03804115571057,true,1.59824308316858,true,0.391,true,0.013,true,5375,true,11436,true,,false,0,false,,false,0,false,0.029,true,0.003,true,0.003,true,0.274,true,-0.416,true,-0.427,true,871,true,0,true,0,true,0,true,2,true,0,true,0,true,25,true,6,true,0,true,0,true,0,true,0,true,0,true,0,true,15,true,0,true,0,true,0,true,0,true,0,true,0,true,0,true,0,true,0,true,0,true,0.531,true,-1.06,true,0.93,true,1.31,true,3.23,true,4.32,true,1.8,true,2.85,true,2.53,true,9.8,true,0.28,true,4.42,true,1.95,true,0.04,true,0.05,true,0,false,2,true,0,true,7,true,2,true,13,true,136,true,37,true,71,true,1255,true,0,false,0,false,-0.158104,true,0.705,true,0.83099225435369,true,0.865092540975272,true,0.535574365167372,true,1.41639543105009,true,1.28680927077822,true,0.811397003724455,true,1.21769018550978,true,2.96948703027658,true,3.14278746314415,true,0.7337,true,0.590455,true,0.6599,true,0.3492,true,0.659,true,0.5256,true,0.670504,true,0.710946,true,0.346583,true,0.721835,true,0.675447,true,0.613697,true,0.660482,true,0.638085,true,0.663208,true,0.665221,true,0.634615,true,0.721105,true,0.333731,true,0.568414,true,0.672048,true,0.719512,true,0.670622,true,0.666027,true,0.672447,true,0.714976,true,0.642726,true,0.637359,true,0.5625,true,0.614243,true,0.720482,true,0.569758,true,0.6404,true,0.672216,true,0.339653,true,0.64186,true,0.615918,true,0,false,0,false,0,false,0.333,true,0.18,true,0.78,true,0.93,true,1,true,2.555,true,3,true,,false,,false,,false,noncoding,true,,false,0,false,,false,,false,low,true,TGGGT,true,0.06199999898672104,true,0,false,0.05400000140070915,true,2.559999942779541,true,,false,,false,,false,,false,,false,0,false,,false,,false,,false
10-27807825-G-A,true,10,true,27807825,true,G,true,A,true,264690,true,205468,true,0.776259,true,PASS,true,rs2815506,true,intergenic,true,"RN7SKP132(dist=23772),ARMC4(dist=4343)",true,,false,,false,"ENST00000516001.1(dist=23772),ENST00000481659.1(dist=4339)",true,,false,0,false,0,false,0,false,0,false,,false,,false,,false,,false,,false,,false,,false,,false,,false,,false,,false,,false,,false,,false,,false,,false,1.49889687144913,true,0.43462411257186,true,0.377,true,0.053,true,5618,true,4340,true,,false,0,false,,false,0,false,0.004,true,0.002,true,0.002,true,0.475,true,1.356,true,1.365,true,683,true,0,true,0,true,0,true,24,true,0,true,0,true,0,true,0,true,0,true,0,true,0,true,0,true,0,true,0,true,9,true,0,true,0,true,0,true,0,true,0,true,14,true,1,true,0,true,0,true,0,true,4.93,true,2.58,true,3.51,true,4.28,true,6.64,true,4.32,true,6.84,true,3.43,true,24.52,true,3.09,true,3.34,true,6.31,true,6.54,true,0.27,true,0.01,true,0,false,1,true,0,true,12,true,2,true,6,true,124,true,14,true,58,true,1265,true,0,false,0,false,0.206926,true,4.152,true,7.86816285956416,true,2.35543641169158,true,4.86723349774677,true,1.72355859121429,true,5.46279738721192,true,11.1486127253326,true,4.95769490553529,true,2.96948703027658,true,3.14278746314415,true,0.702,true,0.718251,true,0.8199,true,0.5407,true,0.8201,true,0.7464,true,0.77778,true,0.84109,true,0.603591,true,0.714597,true,0.78003,true,0.754559,true,0.804545,true,0.967778,true,0.791086,true,0.775384,true,0.968085,true,0.713819,true,0.575,true,0.754438,true,0.819753,true,0.859615,true,0.777674,true,0.77704,true,0.823369,true,0.849789,true,0.803202,true,0.799221,true,0.770318,true,0.756398,true,0.713157,true,0.750808,true,0.80148,true,0.821275,true,0.588235,true,0.967442,true,0.76221,true,0.792,true,1,true,1,true,1,true,1,true,1,true,1,true,1,true,0,false,2.45,true,,false,,false,,false,noncoding,true,,false,0,false,,false,,false,TFBS,true,TAGCT,true,0.09399999678134918,true,0,false,0.14000000059604645,true,6.989999771118164,true,,false,,false,,false,,false,,false,0,false,,false,,false,,false
10-46046326-A-G,true,10,true,46046326,true,A,true,G,true,264690,true,141271,true,0.533722,true,PASS,true,rs10993994,true,UTR5,true,MSMB(ENST00000663171.1:c.-89T>C),true,,false,,false,"ENST00000581478.5,ENST00000582163.2",true,,false,0,false,0,false,0,false,0,false,,false,,false,,false,,false,,false,,false,,false,,false,,false,,false,,false,,false,,false,,false,,false,,false,7.27457833757959,true,16.1313475170917,true,0.417,true,0.027,true,57,true,13015,true,,false,0,false,,false,0,false,0.054,true,0,true,0,true,0.328,true,-0.118,true,-0.118,true,569,true,0,true,0,true,0,true,10,true,0,true,0,true,0,true,0,true,0,true,0,true,0,true,0,true,0,true,0,true,18,true,0,true,0,true,0,true,0,true,0,true,15,true,4,true,1,true,0,true,0,true,4.36,true,-0.994,true,7.51,true,6.08,true,3.76,true,4.57,true,6.68,true,4.69,true,27.37,true,6.21,true,3.52,true,11.69,true,9.6,true,0.3,true,0,false,0,false,2,true,2,true,15,true,4,true,9,true,120,true,32,true,61,true,1227,true,17,true,25,true,0.123958,true,3.083,true,2.4753143408388,true,4.29760828942905,true,8.14951318456799,true,4.06028648531865,true,1.09813212159092,true,12.6226436069955,true,0.881479146503263,true,2.96948703027658,true,13.2505324899684,true,0,false,0,false,0,false,0,false,0,false,0,false,0.537891,true,0.535755,true,0.529737,true,0.389638,true,0.538414,true,0.648577,true,0.532847,true,0.557778,true,0.532153,true,0.537335,true,0.570213,true,0.392784,true,0.514881,true,0.415076,true,0.611554,true,0.496159,true,0.537916,true,0.531429,true,0.607966,true,0.517148,true,0.597362,true,0.590586,true,0.434629,true,0.647397,true,0.395462,true,0.410599,true,0.594428,true,0.610044,true,0.521753,true,0.544186,true,0.643655,true,0.833,true,1,true,1,true,1,true,1,true,1,true,1,true,1,true,1.129,true,3.7,true,,false,,false,,false,,false,,false,0,false,,false,,false,TFBS,true,ACATC,true,0.10499999672174454,true,0.10499999672174454,true,0.20000000298023224,true,8.479999542236328,true,,false,,false,,false,,false,,false,0,false,,false,,false,,false
10-120871555-G-A,true,10,true,120871555,true,G,true,A,true,264690,true,77663,true,0.293411,true,PASS,true,rs9325569,true,intronic,true,WDR11,true,,false,,false,ENST00000604220.5,true,,false,0,false,0,false,0,false,0,false,,false,,false,,false,,false,,false,,false,,false,Benign,true,,false,not_provided,true,,false,"criteria_provided,_single_submitter",true,1,true,MedGen:CN517202,true,,false,WDR11:55717,true,3.56078306528644,true,0.991333785537006,true,0.411,true,0.04,true,2892,true,9321,true,,false,0,false,,false,0,false,0.103,true,0.001,true,0.001,true,0.395,true,-0.164,true,-0.186,true,618,true,0,true,0,true,0,true,0,true,0,true,0,true,28,true,16,true,0,true,0,true,0,true,0,true,0,true,0,true,4,true,0,true,0,true,0,true,0,true,0,true,0,true,0,true,0,true,0,true,0,true,2.26,true,-1.27,true,2.81,true,3.68,true,3.5,true,9.01,true,8.48,true,6.37,true,5.09,true,76.04,true,12.58,true,9.4,true,3.99,true,0.4,true,0.28,true,0,false,1,true,1,true,13,true,3,true,4,true,114,true,33,true,56,true,1189,true,0,false,0,false,0.048492,true,2.22,true,2.02031675070983,true,2.27464493043812,true,2.21954370647568,true,14.1492334861203,true,3.16542765820619,true,14.5109877182251,true,3.59523195149252,true,2.96948703027658,true,3.14278746314415,true,0.1082,true,0.305911,true,0.4035,true,0.4177,true,0.333,true,0.3609,true,0.28344,true,0.398295,true,0.42313,true,0.136411,true,0.283713,true,0.277976,true,0.289234,true,0.372768,true,0.309057,true,0.283149,true,0.368085,true,0.137813,true,0.415771,true,0.326645,true,0.340402,true,0.371154,true,0.28369,true,0.329828,true,0.329819,true,0.385542,true,0.415458,true,0.400407,true,0.281139,true,0.281123,true,0.139009,true,0.336965,true,0.408937,true,0.335949,true,0.419179,true,0.377934,true,0.291063,true,0.875,true,1,true,1,true,1,true,1,true,1,true,1,true,1,true,0.247,true,4.35,true,,false,,false,,false,noncoding,true,,false,0,false,,false,,false,high,true,GAGTC,true,0.13899999856948853,true,0,false,0.14800000190734863,true,8.890000343322754,true,,false,,false,,false,,false,,false,0,false,,false,,false,,false
10-121375686-C-T,true,10,true,121375686,true,C,true,T,true,264690,true,142058,true,0.536696,true,PASS,true,rs10788173,true,intergenic,true,"LINC01153(dist=189720),RN7SKP167(dist=35230)",true,,false,,false,"ENST00000429809.1(dist=189720),ENST00000411047.1(dist=35230)",true,,false,0,false,0,false,0,false,0,false,,false,,false,,false,,false,,false,,false,,false,,false,,false,,false,,false,,false,,false,,false,,false,,false,0.824627229712683,true,8.11814657568048,true,0.384,true,0.04,true,35231,true,35515,true,,false,0,false,,false,0,false,0.002,true,0,true,0,true,0.469,true,0.215,true,0.075,true,651,true,0,true,0,true,0,true,30,true,0,true,0,true,0,true,0,true,0,true,0,true,0,true,1,true,0,true,1,true,9,true,0,true,0,true,0,true,0,true,0,true,6,true,1,true,0,true,0,true,0,true,7.28,true,-0.0167,true,4.7,true,5.39,true,7.08,true,3.07,true,17.26,true,5.12,true,13.49,true,1.92,true,2.1,true,5.07,true,6.44,true,0.24,true,0,false,0,false,1,true,0,true,15,true,5,true,8,true,154,true,37,true,74,true,1358,true,3,true,3,true,0.043253,true,2.166,true,4.53872249261659,true,1.64709773623839,true,9.20014234111906,true,1.35956445524637,true,0.430665577314101,true,8.10064214072377,true,0.728821276253392,true,2.96948703027658,true,6.67310705463728,true,0.3585,true,0.54992,true,0.611,true,0.629,true,0.5726,true,0.6605,true,0.5393,true,0.594425,true,0.645429,true,0.41084,true,0.540302,true,0.486849,true,0.550182,true,0.433333,true,0.550279,true,0.538234,true,0.434043,true,0.406331,true,0.634958,true,0.671061,true,0.610629,true,0.628681,true,0.539205,true,0.55038,true,0.609736,true,0.610542,true,0.582903,true,0.582373,true,0.714539,true,0.493755,true,0.402491,true,0.661134,true,0.582674,true,0.610254,true,0.639795,true,0.432558,true,0.5156,true,0.667,true,1,true,1,true,1,true,1,true,1,true,1,true,1,true,11.49,true,5.2,true,,false,,false,,false,noncoding,true,,false,0,false,,false,,false,TFBS,true,AACGT,true,1.7719999551773071,true,0,false,2.4100000858306885,true,109.16999816894531,true,,false,,false,,false,,false,,false,0,false,,false,,false,,false
10-121425789-G-A,true,10,true,121425789,true,G,true,A,true,264690,true,232183,true,0.877188,true,PASS,true,rs10749415,true,intergenic,true,"RN7SKP167(dist=14589),FGFR2(dist=52545)",true,,false,,false,"ENST00000411047.1(dist=14589),ENST00000369061.8(dist=52545)",true,,false,0,false,0,false,0,false,0,false,,false,,false,,false,,false,,false,,false,,false,,false,,false,,false,,false,,false,,false,,false,,false,,false,15.0722175713572,true,6.44506446890879,true,0.391,true,0.027,true,14873,true,14589,true,,false,0,false,,false,0,false,0.955,true,0,true,0,true,0.475,true,-0.106,true,-0.095,true,603,true,0,true,0,true,0,true,21,true,0,true,0,true,0,true,0,true,0,true,0,true,0,true,1,true,0,true,1,true,15,true,0,true,0,true,0,true,0,true,0,true,8,true,1,true,0,true,1,true,0,true,6.4,true,-3.05,true,4.2,true,2.95,true,2.54,true,4.05,true,12.33,true,4.23,true,14.5,true,3.52,true,1.78,true,6.44,true,9,true,0.13,true,0,false,0,false,2,true,2,true,11,true,5,true,6,true,106,true,25,true,68,true,1338,true,11,true,14,true,0.880876,true,10.74,true,8.69862770062055,true,1.84801650522183,true,5.3164025941804,true,1.72355859121429,true,1.3068794748095,true,14.5109877182251,true,1.44470649599152,true,2.96948703027658,true,11.1871298200396,true,0.7398,true,0.872604,true,0.7824,true,0.9841,true,0.9602,true,0.911,true,0.886737,true,0.947219,true,0.980663,true,0.782912,true,0.887223,true,0.911536,true,0.899091,true,0.963333,true,0.901578,true,0.886221,true,0.955319,true,0.782319,true,0.984579,true,0.911571,true,0.94789,true,0.932692,true,0.886619,true,0.904175,true,0.948727,true,0.940397,true,0.852053,true,0.85061,true,0.906028,true,0.909482,true,0.781813,true,0.912833,true,0.851429,true,0.948243,true,0.98277,true,0.972093,true,0.902955,true,0.875,true,1,true,1,true,1,true,1,true,1,true,1,true,1,true,1.651,true,4.8,true,,false,,false,,false,noncoding,true,,false,0,false,,false,,false,TFBS,true,ATGTA,true,0.17399999499320984,true,0,false,0.17900000512599945,true,13.6899995803833,true,,false,,false,,false,,false,,false,0,false,,false,,false,,false
10-125049010-T-C,true,10,true,125049010,true,T,true,C,true,264690,true,86102,true,0.325294,true,PASS,true,rs3012065,true,intronic,true,CTBP2,true,,false,,false,"ENST00000460976.5,ENST00000476817.1",true,,false,0,false,0,false,0,false,0,false,,false,,false,,false,,false,,false,Name=1.29;genehancer_id=GH10I125047;connected_gene=CTBP2;score=5.76;connected_gene=MIR4296;score=0.37,true,"SE_23537,SE_44289,SE_46805,SE_29970,SE_42173,SE_06377,SE_41034,SE_01139,SE_37575,SE_65360,SE_41609,SE_31414,SE_48142,SE_01592,SE_52844",true,,false,,false,,false,,false,,false,,false,,false,,false,,false,4.47515615202975,true,1.31501660270102,true,0.457,true,0.013,true,109707,true,9964,true,,false,0,false,,false,0,false,0.018,true,0,true,0,true,-0.374,true,-0.091,true,-0.073,true,867,true,0,true,3,true,0,true,1,true,0,true,0,true,2,true,1,true,0,true,1,true,8,true,13,true,4,true,2,true,5,true,0,true,0,true,0,true,0,true,0,true,1,true,2,true,1,true,1,true,3,true,2.14,true,-0.164,true,19.65,true,5.4,true,6.95,true,9.65,true,4.02,true,23.61,true,8.57,true,8.19,true,37.39,true,28.86,true,6.33,true,0.27,true,0.22,true,0,false,2,true,1,true,10,true,4,true,5,true,158,true,40,true,69,true,1499,true,2,true,2,true,0.112013,true,2.936,true,0.963846876167204,true,10.3462542039575,true,3.59294599367419,true,8.48301841043507,true,0.522626224166526,true,11.1486127253326,true,0.775257032149318,true,2.96948703027658,true,5.78709819326725,true,0.3313,true,0.323482,true,0.3127,true,0.254,true,0.3032,true,0.4131,true,0.315419,true,0.372437,true,0.297887,true,0.329843,true,0.319658,true,0.187632,true,0.309174,true,0.484305,true,0.30809,true,0.310885,true,0.467811,true,0.333317,true,0.263923,true,0.434564,true,0.312806,true,0.348524,true,0.3149,true,0.30695,true,0.313013,true,0.361195,true,0.331484,true,0.325525,true,0.419355,true,0.188207,true,0.336279,true,0.438068,true,0.328898,true,0.312893,true,0.279622,true,0.502347,true,0.189976,true,0.792,true,1,true,1,true,1,true,1,true,1,true,1,true,1,true,5.886,true,5.2,true,,false,,false,,false,noncoding,true,,false,0,false,,false,,false,low,true,AATGT,true,0.24799999594688416,true,0,false,0.20000000298023224,true,15.3100004196167,true,,false,,false,,false,,false,,false,0,false,,false,,false,,false
11-197557-A-G,true,11,true,197557,true,A,true,G,true,264690,true,216894,true,0.819426,true,PASS,true,rs7103852,true,intronic,true,"BET1L,ODF3",true,,false,,false,ENST00000531679.1,true,,false,0,false,0,false,0,false,0,false,,false,,false,,false,,false,,false,,false,,false,,false,,false,,false,,false,,false,,false,,false,,false,,false,14.8358108732995,true,18.2623094471162,true,0.675,true,0.093,true,254,true,2477,true,,false,0,false,,false,0,false,0.002,true,0.253,true,0.002,true,-1.716,true,-0.092,true,-0.059,true,779,true,0,true,1,true,2,true,1,true,0,true,0,true,0,true,0,true,0,true,0,true,0,true,1,true,0,true,0,true,27,true,0,true,0,true,0,true,0,true,0,true,7,true,2,true,7,true,0,true,0,true,12.2,true,-3.05,true,3.27,true,1.95,true,2.92,true,5.8,true,3.22,true,2.63,true,10.07,true,1.48,true,5.9,true,20.95,true,7.49,true,0.38,true,0.07,true,0,false,1,true,1,true,25,true,2,true,5,true,169,true,22,true,55,true,1103,true,12,true,12,true,0.217359,true,4.287,true,3.36276701924698,true,2.83276501688605,true,1.59006237109724,true,2.71194561086193,true,1.38763520285323,true,17.0935885334977,true,1.30933462933632,true,2.96948703027658,true,11.2486810177656,true,0.553,true,0.844848,true,0.9049,true,0.9921,true,0.9175,true,0.9703,true,0.82726,true,0.906924,true,0.989641,true,0.591277,true,0.823223,true,0.928231,true,0.843352,true,0.996667,true,0.844796,true,0.831555,true,0.997872,true,0.596644,true,0.994062,true,0.963535,true,0.925047,true,0.911012,true,0.82707,true,0.8463,true,0.925389,true,0.908845,true,0.89522,true,0.891695,true,0.953901,true,0.926976,true,0.60121,true,0.965726,true,0.893695,true,0.925191,true,0.992018,true,0.995349,true,0.922985,true,0.917,true,1,true,1,true,1,true,1,true,1,true,1,true,1,true,1.152,true,4.1,true,,false,,false,,false,noncoding,true,,false,0,false,,false,,false,TFBS,true,CCACA,true,0.13899999856948853,true,0,false,0.0820000022649765,true,0,false,,false,,false,,false,,false,,false,0,false,,false,,false,,false
11-34759389-T-C,true,11,true,34759389,true,T,true,C,true,264690,true,100820,true,0.380898,true,PASS,true,rs10466455,true,intergenic,true,"EHF(dist=98332),APIP(dist=93705)",true,,false,,false,"ENST00000604513.1(dist=16190),ENST00000532428.6(dist=93705)",true,,false,0,false,0,false,0,false,0,false,,false,,false,,false,,false,,false,,false,,false,,false,,false,,false,,false,,false,,false,,false,,false,,false,2.47634377663935,true,6.9277954609694,true,0.384,true,0,true,16483,true,16190,true,,false,0,false,,false,0,false,0.079,true,0,true,0,true,0.469,true,-0.245,true,-0.225,true,854,true,0,true,0,true,2,true,18,true,0,true,0,true,2,true,0,true,0,true,0,true,0,true,0,true,0,true,0,true,13,true,0,true,0,true,0,true,0,true,0,true,12,true,1,true,0,true,0,true,0,true,4.32,true,-1.92,true,3.51,true,4.54,true,4,true,6.87,true,11.31,true,6.57,true,17.46,true,6.85,true,1.6,true,4.6,true,5.42,true,0.18,true,0,true,0,false,1,true,2,true,15,true,2,true,9,true,140,true,31,true,58,true,1361,true,0,false,0,false,0.122518,true,3.065,true,2.44504574556742,true,3.38038110328055,true,4.91376184573227,true,3.8757329530436,true,1.21015235104028,true,5.18561211888677,true,1.08120957190635,true,2.96948703027658,true,3.14278746314415,true,0.382,true,0.378794,true,0.2738,true,0.4474,true,0.3867,true,0.3701,true,0.392606,true,0.324064,true,0.422222,true,0.386715,true,0.392689,true,0.448477,true,0.374317,true,0.466667,true,0.373953,true,0.392516,true,0.474468,true,0.385856,true,0.429762,true,0.358416,true,0.406141,true,0.307051,true,0.392667,true,0.373574,true,0.40705,true,0.316075,true,0.319099,true,0.3339,true,0.375,true,0.443223,true,0.385125,true,0.354656,true,0.325496,true,0.406523,true,0.426282,true,0.45814,true,0.426624,true,0.458,true,1,true,1,true,1,true,1,true,1,true,1,true,1,true,0.4787,true,3.8,true,,false,,false,,false,noncoding,true,,false,0,false,,false,,false,TFBS,true,CATAT,true,0.17399999499320984,true,0,false,0.210999995470047,true,12.470000267028809,true,,false,,false,,false,,false,,false,0,false,,false,,false,,false
11-102525876-T-C,true,11,true,102525876,true,T,true,C,true,264690,true,120382,true,0.454804,true,PASS,true,rs12285347,true,intronic,true,MMP7,true,,false,,false,ENST00000533366.5,true,,false,0,false,0,false,0,false,0,false,,false,,false,,false,,false,,false,,false,,false,,false,,false,,false,,false,,false,,false,,false,,false,,false,12.0832944637377,true,1.70892385629004,true,0.391,true,0.027,true,4875,true,1600,true,,false,0,false,,false,0,false,0.06,true,0,true,0,true,0.463,true,0.001,true,0.027,true,763,true,0,true,0,true,0,true,22,true,0,true,0,true,0,true,0,true,0,true,0,true,0,true,0,true,0,true,0,true,15,true,0,true,0,true,0,true,0,true,0,true,11,true,0,true,0,true,0,true,0,true,4.68,true,-0.404,true,6.68,true,3.48,true,4.89,true,4.52,true,4.26,true,5.81,true,11.4,true,3.07,true,2.11,true,3.6,true,14.81,true,0.16,true,0,false,0,false,2,true,0,true,13,true,4,true,5,true,118,true,22,true,66,true,1412,true,5,true,6,true,0.230692,true,4.457,true,3.41200560902389,true,2.08165491203565,true,2.73970120119623,true,2.09934275357329,true,2.04152059348848,true,9.95131384013498,true,2.14943432848963,true,2.96948703027658,true,8.26709360187326,true,0.5643,true,0.389377,true,0.3501,true,0.0863,true,0.4384,true,0.4427,true,0.461713,true,0.433031,true,0.0733057,true,0.553456,true,0.464035,true,0.427329,true,0.415146,true,0.647321,true,0.434641,true,0.459238,true,0.668085,true,0.550665,true,0.0767857,true,0.433906,true,0.446183,true,0.425546,true,0.462246,true,0.455067,true,0.452998,true,0.429518,true,0.36864,true,0.375511,true,0.428571,true,0.425277,true,0.548288,true,0.435118,true,0.371612,true,0.449048,true,0.0751759,true,0.624413,true,0.418765,true,0.75,true,1,true,1,true,1,true,1,true,1,true,1,true,1,true,0,false,4.1,true,,false,,false,,false,noncoding,true,,false,0,false,,false,,false,high,true,AATGT,true,0.3009999990463257,true,0,false,0.20000000298023224,true,13.100000381469727,true,,false,,false,,false,,false,,false,0,false,,false,,false,,false
12-9069690-C-T,true,12,true,9069690,true,C,true,T,true,264690,true,73930,true,0.279308,true,PASS,true,rs1805664,true,intronic,true,A2M,true,,false,,false,ENST00000543436.2,true,,false,0,false,0,false,0,false,0,false,,false,,false,,false,,false,,false,,false,,false,,false,,false,,false,,false,,false,,false,,false,,false,,false,4.4505569931763,true,0.451971487684368,true,0.331,true,0.013,true,612,true,1978,true,,false,0,false,,false,0,false,0.004,true,0,true,0,true,0.418,true,-0.249,true,-0.789,true,567,true,0,true,0,true,0,true,13,true,0,true,0,true,8,true,1,true,0,true,0,true,0,true,0,true,0,true,0,true,19,true,0,true,0,true,0,true,0,true,0,true,6,true,1,true,0,true,0,true,0,true,7.86,true,-5.79,true,6.71,true,5.65,true,5.65,true,10.47,true,5.42,true,6.67,true,19.85,true,11.93,true,4.15,true,9.79,true,8.65,true,0.21,true,0.15,true,0,false,1,true,0,true,12,true,3,true,6,true,137,true,24,true,56,true,1216,true,0,false,0,false,-0.109826,true,0.948,true,2.13562518614966,true,6.10948940588736,true,3.39753757487353,true,7.9456797872568,true,3.70088248826354,true,3.01186169668552,true,3.57312911204757,true,2.96948703027658,true,3.14278746314415,true,0.1861,true,0.213658,true,0.3804,true,0.0804,true,0.3161,true,0.1646,true,0.291759,true,0.246879,true,0.0761773,true,0.18831,true,0.288807,true,0.422326,true,0.27,true,0.269488,true,0.278399,true,0.294904,true,0.273504,true,0.18702,true,0.0904762,true,0.18134,true,0.348576,true,0.236842,true,0.291902,true,0.287214,true,0.345131,true,0.242169,true,0.349366,true,0.338863,true,0.176678,true,0.416635,true,0.185922,true,0.182405,true,0.344817,true,0.347127,true,0.0838668,true,0.265116,true,0.398638,true,0.25,true,0.958,true,1,true,1,true,1,true,1,true,1,true,1,true,1.306,true,3.2,true,,false,,false,,false,noncoding,true,,false,0,false,,false,,false,high,true,TTCCC,true,0.11699999868869781,true,0,false,0.13199999928474426,true,10.510000228881836,true,c.4263+55G>A,true,p.?,true,ENST00000318602.11:c.4263+55G>A,true,,false,12:g.9069690C>T,true,2,true,y,true,,false,SNV,true
12-114662000-G-A,true,12,true,114662000,true,G,true,A,true,264690,true,109214,true,0.412611,true,PASS,true,rs10774760,true,intergenic,true,"RF00019(dist=3938),TBX3(dist=8255)",true,,false,,false,"ENST00000362350.1(dist=3938),ENST00000349155.6(dist=8254)",true,,false,0,false,0,false,0,false,0,false,,false,,false,,false,,false,,false,Name=0.8;genehancer_id=GH12I114662;connected_gene=ENSG00000199220;score=0.77;connected_gene=GC12M114659;score=0.77;connected_gene=GC12M114672;score=0.39,true,"SE_00930,SE_41722,SE_57598,SE_02902",true,,false,,false,,false,,false,,false,,false,,false,,false,,false,3.03804115571057,true,2.59970720516671,true,0.483,true,0.04,true,3938,true,4051,true,,false,0,false,,false,0,false,0.001,true,0.001,true,0.001,true,-2.576,true,-2.547,true,-2.585,true,965,true,0,true,0,true,1,true,5,true,0,true,0,true,0,true,0,true,0,true,0,true,0,true,0,true,0,true,3,true,17,true,0,true,0,true,0,true,0,true,0,true,17,true,2,true,2,true,0,true,1,true,0.269,true,-0.539,true,18.02,true,6.55,true,8.88,true,9.03,true,1.06,true,14.79,true,5.19,true,4.56,true,3.62,true,5.23,true,6.79,true,0.24,true,0.03,true,0,false,1,true,2,true,19,true,2,true,5,true,108,true,20,true,61,true,1318,true,0,false,0,false,-0.657912,true,0.015,true,0.0123089486429681,true,7.848765004234,true,0.659461827982237,true,4.75310863465942,true,1.88994421262199,true,1.11213350897072,true,2.22649193086254,true,2.96948703027658,true,3.14278746314415,true,0.1006,true,0.421925,true,0.5879,true,0.5347,true,0.503,true,0.5389,true,0.414302,true,0.53235,true,0.57312,true,0.170854,true,0.406453,true,0.513935,true,0.446593,true,0.612472,true,0.450843,true,0.422681,true,0.646809,true,0.168034,true,0.563995,true,0.547397,true,0.504582,true,0.535256,true,0.414336,true,0.455238,true,0.507868,true,0.533715,true,0.554743,true,0.551671,true,0.560714,true,0.507644,true,0.165629,true,0.544335,true,0.55341,true,0.505963,true,0.568211,true,0.574766,true,0.487775,true,0,false,0.042,true,0.167,true,1,true,0.46,true,1,true,1,true,1,true,2.764,true,3.85,true,,false,,false,,false,noncoding,true,,false,0,false,,false,,false,low,true,ACGCT,true,1.3860000371932983,true,0,false,1.774999976158142,true,68.62999725341797,true,,false,,false,,false,,false,,false,0,false,,false,,false,,false
12-114717655-G-T,true,12,true,114717655,true,G,true,T,true,264690,true,92451,true,0.34928,true,PASS,true,rs11067251,true,ncRNA_intronic,true,AC026765.2,true,,false,,false,ENST00000551875.1,true,,false,0,false,0,false,0,false,0,false,,false,,false,,false,,false,,false,,false,,false,,false,,false,,false,,false,,false,,false,,false,,false,,false,1.14223953904929,true,3.0311757944604,true,0.536,true,0.027,true,3844,true,50303,true,,false,0,false,,false,0,false,0.051,true,0.007,true,0.005,true,-0.199,true,0.749,true,0.659,true,953,true,0,true,0,true,2,true,22,true,0,true,0,true,0,true,0,true,0,true,0,true,0,true,1,true,0,true,1,true,8,true,0,true,0,true,0,true,0,true,0,true,13,true,1,true,0,true,0,true,0,true,4.62,true,1.87,true,4.18,true,4.16,true,5.74,true,7.61,true,11.3,true,7.99,true,23.73,true,3.56,true,5.44,true,7.65,true,8.77,true,0.46,true,0,true,0,false,1,true,0,true,12,true,8,true,5,true,132,true,42,true,69,true,1270,true,2,true,2,true,0.164982,true,3.607,true,4.84785104368959,true,3.58394305763693,true,6.77928431367083,true,4.20352264630836,true,0.826747198204565,true,4.77409206770454,true,1.17849965796969,true,2.96948703027658,true,5.78709819326725,true,0.152,true,0.274161,true,0.487,true,0.125,true,0.4404,true,0.271,true,0.342073,true,0.553977,true,0.143845,true,0.17792,true,0.343533,true,0.325593,true,0.354927,true,0.550111,true,0.377332,true,0.340519,true,0.521368,true,0.17915,true,0.125148,true,0.291639,true,0.421037,true,0.542308,true,0.342307,true,0.400763,true,0.425157,true,0.548494,true,0.465941,true,0.459579,true,0.301418,true,0.326875,true,0.180198,true,0.28941,true,0.463189,true,0.422771,true,0.13378,true,0.581395,true,0.330935,true,0.417,true,1,true,1,true,1,true,1,true,1,true,1,true,1,true,1.893,true,5.1,true,,false,,false,,false,noncoding,true,,false,0,false,,false,,false,TFBS,true,CTGGA,true,0.019999999552965164,true,0,false,0.03400000184774399,true,0.949999988079071,true,,false,,false,,false,,false,,false,0,false,,false,,false,,false
13-50871224-A-G,true,13,true,50871224,true,A,true,G,true,264690,true,147454,true,0.557082,true,PASS,true,rs9563006,true,ncRNA_intronic,true,"DLEU1,RNASEH2B-AS1",true,,false,,false,ENST00000631080.2,true,,false,0,false,0,false,0,false,0,false,,false,,false,,false,,false,,false,,false,SE_39388,true,,false,,false,,false,,false,,false,,false,,false,,false,,false,2.47634377663935,true,9.43639827501318,true,0.364,true,0,true,20251,true,9052,true,,false,0,false,,false,0,false,0.009,true,0,true,0,true,-0.282,true,0.147,true,0.152,true,846,true,0,true,0,true,0,true,23,true,0,true,0,true,1,true,0,true,0,true,0,true,0,true,0,true,0,true,0,true,11,true,0,true,0,true,0,true,0,true,0,true,12,true,1,true,0,true,0,true,0,true,2.76,true,0.317,true,4.24,true,4.29,true,1.58,true,0.77,true,8.73,true,4.27,true,13.66,true,3.34,true,2.77,true,9.66,true,9.73,true,0.17,true,0.07,true,0,false,1,true,0,true,14,true,7,true,1,true,118,true,25,true,41,true,1210,true,0,false,0,false,0.110498,true,2.918,true,1.69265047371267,true,1.16051388372848,true,4.60024961477174,true,2.00682516003411,true,3.67010325367569,true,3.22072863473201,true,4.82782802655741,true,2.96948703027658,true,3.14278746314415,true,0.5053,true,0.678714,true,0.5749,true,0.9593,true,0.5477,true,0.8323,true,0.555847,true,0.561862,true,0.953665,true,0.494805,true,0.552974,true,0.60374,true,0.589649,true,0.615813,true,0.571025,true,0.558907,true,0.602128,true,0.496717,true,0.951843,true,0.809743,true,0.562266,true,0.567949,true,0.556646,true,0.551724,true,0.557189,true,0.56472,true,0.499348,true,0.533095,true,0.806738,true,0.605976,true,0.498335,true,0.810428,true,0.513971,true,0.56013,true,0.952685,true,0.630841,true,0.613071,true,0.208,true,1,true,1,true,1,true,1,true,1,true,1,true,1,true,3.003,true,3.45,true,,false,,false,,false,noncoding,true,,false,0,false,,false,,false,TFBS,true,ACATG,true,0.24799999594688416,true,0,false,0.20000000298023224,true,18.489999771118164,true,,false,,false,,false,,false,,false,0,false,,false,,false,,false
13-73481166-T-C,true,13,true,73481166,true,T,true,C,true,264690,true,67254,true,0.254086,true,PASS,true,rs1361057,true,ncRNA_intronic,true,LINC00393,true,,false,,false,ENST00000443621.1,true,,false,0,false,0,false,0,false,0,false,,false,,false,,false,,false,,false,,false,,false,,false,,false,,false,,false,,false,,false,,false,,false,,false,12.7026235538039,true,3.29736611755633,true,0.344,true,0,true,65676,true,67693,true,,false,0,false,,false,0,false,0.682,true,0.001,true,0.001,true,0.469,true,1.006,true,1.052,true,429,true,0,true,0,true,0,true,35,true,0,true,0,true,0,true,0,true,0,true,0,true,0,true,1,true,0,true,0,true,10,true,0,true,0,true,0,true,0,true,0,true,2,true,0,true,0,true,0,true,0,true,6.33,true,3.97,true,9.72,true,6.52,true,8.97,true,3.8,true,13.26,true,6.31,true,14,true,5.47,true,3.04,true,8.19,true,13.82,true,0.35,true,0,false,0,false,1,true,1,true,11,true,2,true,11,true,120,true,18,true,84,true,1424,true,0,false,0,false,0.906012,true,11.01,true,10.1348412762104,true,6.47267759293904,true,9.51314713678271,true,3.28549313339484,true,1.98955960728518,true,8.10064214072377,true,1.38638859466195,true,2.96948703027658,true,3.14278746314415,true,0.2292,true,0.264377,true,0.2075,true,0.4365,true,0.2266,true,0.2137,true,0.249612,true,0.298295,true,0.459945,true,0.227183,true,0.252209,true,0.229618,true,0.244991,true,0.504444,true,0.243721,true,0.24685,true,0.504255,true,0.231231,true,0.445769,true,0.229098,true,0.255296,true,0.275288,true,0.249854,true,0.242395,true,0.257417,true,0.287477,true,0.22001,true,0.225949,true,0.234767,true,0.230666,true,0.234677,true,0.227823,true,0.222581,true,0.256189,true,0.452335,true,0.504651,true,0.234,true,0.667,true,1,true,1,true,1,true,1,true,1,true,1,true,1,true,0.7362,true,3.15,true,,false,,false,,false,noncoding,true,,false,0,false,,false,,false,TFBS,true,AATAC,true,0.13899999856948853,true,0,false,0.210999995470047,true,9.760000228881836,true,,false,,false,,false,,false,,false,0,false,,false,,false,,false
14-36771386-G-A,true,14,true,36771386,true,G,true,A,true,264690,true,169419,true,0.640066,true,PASS,true,rs712329,true,intronic,true,SLC25A21,true,,false,,false,"ENST00000331299.5,ENST00000555449.5",true,,false,0,false,0,false,0,false,0,false,,false,,false,,false,,false,,false,,false,,false,,false,,false,,false,,false,,false,,false,,false,,false,,false,15.8983865003066,true,2.14788026180578,true,0.331,true,0.013,true,401038,true,92097,true,,false,0,false,,false,0,false,0.683,true,0.99,true,1,true,0.475,true,1.9,true,3.609,true,697,true,0,true,0,true,0,true,24,true,0,true,0,true,0,true,0,true,0,true,0,true,0,true,1,true,0,true,0,true,17,true,0,true,0,true,0,true,0,true,0,true,4,true,0,true,0,true,2,true,0,true,10.7,true,8.45,true,17.74,true,9.4,true,3.16,true,5.95,true,12.07,true,2.14,true,8.49,true,1.49,true,2.03,true,10.25,true,6.24,true,4.63,true,0,false,0,false,1,true,0,true,8,true,2,true,2,true,112,true,21,true,71,true,1319,true,80,true,147,true,1.763944,true,17.24,true,19.0798327684176,true,5.38305855295516,true,3.49374593296376,true,0.66723908434627,true,5.77064318612446,true,14.5109877182251,true,6.41636640643587,true,2.96948703027658,true,21.6060706811223,true,0.7307,true,0.714058,true,0.7507,true,0.8958,true,0.5646,true,0.6319,true,0.622983,true,0.567198,true,0.885892,true,0.692735,true,0.618848,true,0.611153,true,0.639091,true,0.6,true,0.633364,true,0.627384,true,0.597872,true,0.692488,true,0.897862,true,0.631336,true,0.551856,true,0.540973,true,0.622928,true,0.627376,true,0.555719,true,0.554852,true,0.69188,true,0.709759,true,0.640569,true,0.611497,true,0.692277,true,0.629241,true,0.699619,true,0.553482,true,0.892332,true,0.602326,true,0.61258,true,0.875,true,1,true,1,true,1,true,1,true,1,true,1,true,1,true,0.2142,true,3.4,true,,false,,false,,false,noncoding,true,,false,0,false,,false,,false,TFBS,true,GAGTG,true,0.1979999989271164,true,0,false,0.14800000190734863,true,13.460000038146973,true,,false,,false,,false,,false,,false,0,false,,false,,false,,false
15-66649061-A-G,true,15,true,66649061,true,A,true,G,true,264690,true,117292,true,0.44313,true,PASS,true,rs8038722,true,ncRNA_intronic,true,LINC01169,true,,false,,false,ENST00000558797.1,true,,false,0,false,0,false,0,false,0,false,,false,,false,,false,,false,,false,Name=0.43;genehancer_id=GH15I066648;connected_gene=LINC01169;score=5.03;connected_gene=GC15P069498;score=0.26,true,"SE_42563,SE_48713,SE_39935",true,,false,,false,,false,,false,,false,,false,,false,,false,,false,2.47634377663935,true,1.89741701348826,true,0.477,true,0.027,true,66871,true,36734,true,,false,0,false,,false,0,false,0.004,true,0.002,true,0.002,true,0.301,true,0.512,true,0.101,true,422,true,0,true,0,true,0,true,7,true,0,true,0,true,1,true,0,true,0,true,0,true,0,true,0,true,0,true,4,true,30,true,0,true,0,true,0,true,0,true,0,true,5,true,0,true,1,true,0,true,0,true,1.48,true,0.252,true,8.46,true,2.17,true,5.97,true,5.74,true,6.78,true,3.89,true,11.75,true,6.88,true,4.64,true,6.14,true,6.54,true,0.36,true,0.01,true,0,false,2,true,1,true,20,true,9,true,5,true,153,true,55,true,55,true,1333,true,2,true,2,true,0.15927,true,3.532,true,2.7464102751665,true,3.12483799741786,true,4.80692718124326,true,6.10684542611296,true,0.240788249201113,true,1.70179916454644,true,0.279525262456964,true,2.96948703027658,true,5.78709819326725,true,0.3064,true,0.455471,true,0.3573,true,0.6786,true,0.5547,true,0.3947,true,0.446807,true,0.453462,true,0.691401,true,0.321641,true,0.446426,true,0.531076,true,0.479927,true,0.506696,true,0.47191,true,0.447215,true,0.506383,true,0.325833,true,0.704762,true,0.38992,true,0.501982,true,0.473042,true,0.446733,true,0.463462,true,0.507155,true,0.462651,true,0.415136,true,0.434864,true,0.396797,true,0.533308,true,0.329394,true,0.388346,true,0.423659,true,0.504159,true,0.698591,true,0.507042,true,0.540335,true,0.333,true,0.708,true,0.722,true,0.944,true,1,true,1,true,1,true,1,true,3.743,true,6.2,true,,false,,false,,false,noncoding,true,,false,0,false,,false,,false,low,true,CCAGT,true,0.13899999856948853,true,0,false,0.09000000357627869,true,7.849999904632568,true,,false,,false,,false,,false,,false,0,false,,false,,false,,false
16-4268205-A-G,true,16,true,4268205,true,A,true,G,true,264690,true,124965,true,0.472118,true,PASS,true,rs251739,true,intronic,true,TFAP4,true,,false,,false,ENST00000575300.1,true,,false,0,false,0,false,0,false,0,false,,false,,false,,false,,false,,false,,false,"SE_40622,SE_42301,SE_29586,SE_54273",true,,false,,false,,false,,false,,false,,false,,false,,false,,false,5.32485099951512,true,1.10955075957774,true,0.49,true,0.013,true,4627,true,7707,true,,false,0,false,,false,0,false,0.001,true,0,true,0,true,-0.553,true,-0.37,true,-0.365,true,846,true,0,true,0,true,1,true,0,true,0,true,0,true,12,true,2,true,1,true,0,true,0,true,0,true,0,true,0,true,32,true,0,true,0,true,0,true,0,true,0,true,0,true,0,true,0,true,0,true,0,true,2.03,true,-2.35,true,7.93,true,7.74,true,3.79,true,8.66,true,5.25,true,7.51,true,3.29,true,10.72,true,36.66,true,14.93,true,2.14,true,0.12,true,0.1,true,0,false,1,true,1,true,16,true,5,true,11,true,163,true,13,true,80,true,1724,true,0,false,0,false,-0.140393,true,0.788,true,0.616363710205554,true,4.57422895342828,true,1.74277907600451,true,9.54278603992571,true,0.650408579287517,true,0.798657354323986,true,0.361338611156936,true,2.96948703027658,true,3.14278746314415,true,0.3351,true,0.510783,true,0.4798,true,0.746,true,0.5199,true,0.5184,true,0.473463,true,0.565834,true,0.75,true,0.358417,true,0.467341,true,0.587314,true,0.480909,true,0.461024,true,0.490251,true,0.479978,true,0.446581,true,0.358779,true,0.736559,true,0.528928,true,0.508618,true,0.56146,true,0.473537,true,0.5,true,0.508983,true,0.563779,true,0.484193,true,0.475229,true,0.570922,true,0.579316,true,0.359086,true,0.51937,true,0.480311,true,0.508772,true,0.742784,true,0.476744,true,0.554,true,0,false,0,false,0,false,0.389,true,0.22,true,0.56,true,1,true,1,true,0,false,2.2,true,,false,,false,,false,noncoding,true,,false,0,false,,false,,false,TFBS,true,GCAGA,true,0.06199999898672104,true,0.06199999898672104,true,0.09000000357627869,true,0,false,,false,,false,,false,,false,,false,0,false,,false,,false,,false
17-2090777-C-G,true,17,true,2090777,true,C,true,G,true,264690,true,146279,true,0.552643,true,PASS,true,rs3760230,true,ncRNA_intronic,true,AC090617.4,true,,false,,false,"ENST00000570874.1,ENST00000571815.1,ENST00000575338.1",true,,false,0,false,0,false,0,false,0,false,,false,,false,,false,,false,,false,Name=2.17;genehancer_id=GH17I002080;connected_gene=SRR;score=26.64;connected_gene=HIC1;score=15.46;connected_gene=OVCA2;score=12.23;connected_gene=LOC101927839;score=11.88;connected_gene=ENSG00000236457;score=11.77;connected_gene=ENSG00000236838;score=11.77;connected_gene=SMG6;score=10.63;connected_gene=DPH1;score=10.56;connected_gene=SLC43A2;score=10.02;connected_gene=SCARF1;score=5.38;connected_gene=WDR81;score=3.78;connected_gene=MNT;score=2.96;connected_gene=ENSG00000262810;score=0.77;connected_gene=GC17M002069;score=0.44;connected_gene=GC17M002005;score=0.12,true,"SE_39020,SE_27947,SE_53621,SE_50033,SE_50098,SE_01061,SE_44866,SE_59787,SE_44384,SE_48641,SE_26036,SE_29663,SE_24228,SE_29008,SE_38267,SE_31637,SE_45863,SE_37224,SE_23606,SE_51506,SE_52360",true,,false,,false,,false,,false,,false,,false,,false,,false,,false,18.7534783653338,true,16.0952579989846,true,0.364,true,0.013,true,1096,true,4994,true,,false,0,false,,false,0,false,0.996,true,1,true,1,true,0.418,true,0.938,true,0.705,true,334,true,0,true,0,true,0,true,0,true,0,true,0,true,1,true,0,true,0,true,0,true,2,true,5,true,13,true,12,true,8,true,0,true,1,true,0,true,0,true,0,true,0,true,0,true,0,true,2,true,4,true,10.1,true,5.65,true,54,true,34.23,true,19.03,true,36.61,true,4.24,true,77.54,true,3.96,true,8.88,true,16.4,true,8.92,true,9.55,true,0.5,true,0.12,true,0,false,1,true,1,true,14,true,2,true,7,true,138,true,16,true,76,true,1495,true,17,true,20,true,1.763337,true,17.24,true,16.665837386792,true,16.0953899530897,true,0.955389409773721,true,7.87292944621185,true,2.30869494427783,true,2.58422788268894,true,1.5218223709594,true,2.96948703027658,true,12.9014059553107,true,0.4576,true,0.48762,true,0.696,true,0.252,true,0.5984,true,0.5092,true,0.548466,true,0.578888,true,0.301939,true,0.476874,true,0.547032,true,0.593584,true,0.533883,true,0.708889,true,0.553638,true,0.549993,true,0.702128,true,0.474509,true,0.27791,true,0.51808,true,0.583307,true,0.582157,true,0.548587,true,0.574144,true,0.582223,true,0.580422,true,0.624095,true,0.640122,true,0.507067,true,0.586744,true,0.472494,true,0.520598,true,0.631031,true,0.582851,true,0.289003,true,0.716279,true,0.565008,true,0.083,true,1,true,1,true,1,true,1,true,1,true,1,true,1,true,0.8453,true,2.95,true,,false,,false,,false,noncoding,true,,false,0,false,,false,,false,TFBS,true,TTCTT,true,0.0729999989271164,true,0,false,0.07000000029802322,true,0,false,c.3358-4876G>C,true,p.?,true,ENST00000263073.10:c.3358-4876G>C,true,,false,17:g.2090777C>G,true,1,true,y,true,,false,SNV,true
17-12417424-C-T,true,17,true,12417424,true,C,true,T,true,264690,true,104834,true,0.396063,true,PASS,true,rs7219536,true,intergenic,true,"AC084167.1(dist=22247),LINC00670(dist=132340)",true,,false,,false,"ENST00000585228.1(dist=202157),ENST00000313495.6(dist=132358)",true,,false,0,false,0,false,0,false,0,false,,false,,false,,false,,false,,false,,false,,false,,false,,false,,false,,false,,false,,false,,false,,false,,false,0.822776673040159,true,4.30128364997542,true,0.45,true,0.013,true,132359,true,202157,true,,false,0,false,,false,0,false,0.002,true,0,true,0,true,-0.686,true,0.228,true,0.238,true,959,true,0,true,0,true,3,true,22,true,0,true,0,true,0,true,0,true,0,true,0,true,0,true,0,true,0,true,1,true,16,true,0,true,0,true,0,true,0,true,0,true,6,true,0,true,0,true,0,true,0,true,3.14,true,-0.286,true,6.55,true,3,true,8.74,true,3.34,true,23.23,true,3.49,true,10.63,true,6.06,true,4.3,true,8.66,true,9.53,true,0.21,true,0,false,0,false,1,true,1,true,12,true,2,true,7,true,125,true,36,true,69,true,1410,true,0,false,0,false,-0.151132,true,0.737,true,1.52927525194225,true,3.70893161860062,true,10.8816501016266,true,4.51315823341873,true,1.0581682274306,true,3.75570950871482,true,1.65106515468982,true,2.96948703027658,true,3.14278746314415,true,0.2095,true,0.309904,true,0.3573,true,0.0873,true,0.5119,true,0.4335,true,0.403679,true,0.484677,true,0.0955679,true,0.255114,true,0.40724,true,0.3731,true,0.389091,true,0.551454,true,0.397209,true,0.399887,true,0.54721,true,0.260443,true,0.0927467,true,0.469059,true,0.501071,true,0.466026,true,0.403588,true,0.405714,true,0.510357,true,0.475918,true,0.422848,true,0.415734,true,0.478723,true,0.371104,true,0.264979,true,0.466855,true,0.419771,true,0.504979,true,0.0940499,true,0.556075,true,0.3648,true,0.292,true,1,true,1,true,1,true,1,true,1,true,1,true,1,true,1.399,true,5.95,true,,false,,false,,false,noncoding,true,,false,0,false,,false,,false,high,true,AGCGA,true,1.5609999895095825,true,0,false,1.774999976158142,true,133.94000244140625,true,,false,,false,,false,,false,,false,0,false,,false,,false,,false
17-12652943-C-A,true,17,true,12652943,true,C,true,A,true,264690,true,130304,true,0.492289,true,PASS,true,rs9889266,true,intergenic,true,"LINC00670(dist=10089),MYOCD(dist=12947)",true,,false,,false,"ENST00000577863.1(dist=10089),ENST00000579237.5(dist=12947)",true,,false,0,false,0,false,0,false,0,false,,false,,false,,false,,false,,false,,false,SE_61151,true,,false,,false,,false,,false,,false,,false,,false,,false,,false,1.49889687144913,true,5.58929656133807,true,0.338,true,0,true,12948,true,10089,true,,false,0,false,,false,0,false,0.002,true,0,true,0,true,0.469,true,-0.262,true,-0.264,true,912,true,0,true,0,true,0,true,25,true,0,true,0,true,0,true,0,true,0,true,0,true,0,true,0,true,0,true,0,true,12,true,0,true,0,true,0,true,0,true,0,true,10,true,0,true,0,true,1,true,0,true,4.12,true,-3,true,4.16,true,4.19,true,4.25,true,4.69,true,8.56,true,2.62,true,6.39,true,2.68,true,3.06,true,9.03,true,8.33,true,0.22,true,0.01,true,0,false,1,true,1,true,11,true,5,true,3,true,138,true,31,true,66,true,1182,true,1,true,2,true,-0.149384,true,0.745,true,1.87460468278246,true,2.80298987292115,true,6.34788293506436,true,0.861410236227642,true,1.7027366324118,true,7.36474329186329,true,2.46729270387486,true,2.96948703027658,true,4.79075975260501,true,0.5371,true,0.55611,true,0.6311,true,0.6587,true,0.4394,true,0.5429,true,0.482491,true,0.459659,true,0.654646,true,0.525934,true,0.474423,true,0.523108,true,0.504554,true,0.258352,true,0.492544,true,0.491083,true,0.264957,true,0.527475,true,0.627838,true,0.528618,true,0.41349,true,0.442949,true,0.482652,true,0.479962,true,0.418847,true,0.451807,true,0.610132,true,0.596741,true,0.554965,true,0.522158,true,0.52879,true,0.522617,true,0.604335,true,0.415744,true,0.640244,true,0.251163,true,0.519169,true,0.625,true,1,true,1,true,1,true,1,true,1,true,1,true,1,true,0,false,5.45,true,,false,,false,,false,noncoding,true,,false,0,false,,false,,false,high,true,TCCAT,true,0.019999999552965164,true,0,false,0.03400000184774399,true,1.6299999952316284,true,,false,,false,,false,,false,,false,0,false,,false,,false,,false
17-37739961-A-T,true,17,true,37739961,true,A,true,T,true,264690,true,107240,true,0.405153,true,PASS,true,rs10908278,true,intronic,true,HNF1B,true,,false,,false,"ENST00000613727.4,ENST00000614313.4,ENST00000617272.4,ENST00000617811.4,ENST00000620125.1,ENST00000621123.4",true,,false,0,false,0,false,0,false,0,false,,false,,false,,false,,false,,false,Name=0.43;genehancer_id=GH17I037738;connected_gene=HNF1B;score=0.44;connected_gene=LOC105371754;score=0.31,true,"SE_25028,SE_56799,SE_65485,SE_23266,SE_47579,SE_24029",true,,false,,false,,false,,false,,false,,false,,false,,false,,false,5.77594978472208,true,0.405274048767571,true,0.325,true,0.013,true,5058,true,8300,true,,false,0,false,,false,0,false,0.001,true,0,true,0,true,-0.63,true,-1.403,true,-1.279,true,82,true,0,true,0,true,0,true,0,true,0,true,0,true,3,true,0,true,0,true,0,true,2,true,0,true,0,true,1,true,2,true,0,true,0,true,0,true,0,true,1,true,4,true,28,true,7,true,0,true,0,true,2.98,true,-5.96,true,0.78,true,0.68,true,2.74,true,3.92,true,0.82,true,1.64,true,12.21,true,2,true,1.19,true,1.98,true,1.17,true,0.16,true,0.02,true,0,false,2,true,2,true,25,true,4,true,6,true,154,true,26,true,72,true,1639,true,0,false,0,false,-0.210917,true,0.5,true,0.199061959900649,true,0.687672451763923,true,1.53661450817706,true,3.58836513638125,true,0.462510883268223,true,1.30228638151384,true,0.249196254677458,true,2.96948703027658,true,3.14278746314415,true,0,false,0,false,0,false,0,false,0,false,0,false,0.404994,true,0.580114,true,0.273232,true,0.280816,true,0.410662,true,0.33831,true,0.427656,true,0.646993,true,0.43118,true,0.398966,true,0.653846,true,0.283059,true,0.255662,true,0.416887,true,0.480869,true,0.573718,true,0.404609,true,0.434866,true,0.478219,true,0.577108,true,0.446317,true,0.428814,true,0.405694,true,0.342475,true,0.284971,true,0.419433,true,0.438741,true,0.479754,true,0.263782,true,0.639535,true,0.356017,true,0,false,0,false,0.667,true,0.861,true,1,true,1,true,1,true,1,true,3.777,true,3.1,true,,false,,false,,false,,false,,false,0,false,,false,,false,TFBS,true,TTAAT,true,0.04100000113248825,true,0,false,0.028999999165534973,true,1.4500000476837158,true,,false,,false,,false,,false,,false,0,false,,false,,false,,false
19-31564118-C-T,true,19,true,31564118,true,C,true,T,true,264690,true,57521,true,0.217315,true,PASS,true,rs11084590,true,intergenic,true,"AC008794.1(dist=9315),AC011525.1(dist=23922)",true,,false,,false,"ENST00000593063.1(dist=9321),ENST00000562167.1(dist=23922)",true,,false,0,false,0,false,0,false,0,false,,false,,false,,false,,false,,false,,false,,false,,false,,false,,false,,false,,false,,false,,false,,false,,false,1.14223953904929,true,7.65946399233452,true,0.444,true,0.013,true,22079,true,9321,true,,false,0,false,,false,0,false,0,true,0,true,0,true,-1.248,true,-3.495,true,-3.418,true,866,true,0,true,0,true,4,true,26,true,0,true,0,true,0,true,0,true,0,true,0,true,0,true,0,true,0,true,0,true,8,true,0,true,0,true,0,true,0,true,0,true,9,true,0,true,1,true,0,true,0,true,5.8,true,-11.6,true,2.5,true,3.79,true,7.37,true,3.67,true,13.03,true,1.7,true,9.74,true,5.12,true,1.13,true,8.19,true,3.06,true,0.2,true,0.01,true,0,false,1,true,2,true,16,true,3,true,12,true,164,true,24,true,81,true,1557,true,0,false,0,false,-0.817618,true,0.005,true,0.0169035499749203,true,1.37015054728335,true,7.44384066925993,true,2.02222177256989,true,0.457881227837041,true,4.063256251674,true,0.319146091595766,true,2.96948703027658,true,3.14278746314415,true,0.0477,true,0.163538,true,0.1974,true,0.0952,true,0.332,true,0.1933,true,0.235852,true,0.349829,true,0.0520111,true,0.0946377,true,0.237504,true,0.286755,true,0.224678,true,0.287305,true,0.234053,true,0.234093,true,0.293617,true,0.0958101,true,0.0636905,true,0.213766,true,0.325118,true,0.345758,true,0.234586,true,0.243786,true,0.325561,true,0.347918,true,0.21595,true,0.204321,true,0.208185,true,0.286617,true,0.0968048,true,0.215041,true,0.210925,true,0.325304,true,0.058296,true,0.280374,true,0.286179,true,0.333,true,1,true,1,true,1,true,1,true,1,true,1,true,1,true,0.2576,true,3.6,true,,false,,false,,false,noncoding,true,,false,0,false,,false,,false,low,true,ACCGT,true,1.715000033378601,true,0,false,1.8769999742507935,true,0,false,,false,,false,,false,,false,,false,0,false,,false,,false,,false
19-45726453-T-G,true,19,true,45726453,true,T,true,G,true,264690,true,231098,true,0.873089,true,PASS,true,rs6509234,true,intronic,true,FBXO46,true,,false,,false,ENST00000317683.3,true,,false,0,false,0,false,0,false,0,false,,false,,false,,false,,false,,false,,false,,false,,false,,false,,false,,false,,false,,false,,false,,false,,false,5.61746609319273,true,0.418745285816705,true,0.464,true,0.04,true,4452,true,15824,true,,false,0,false,,false,0,false,0.063,true,0.063,true,0.061,true,0.395,true,0.392,true,0.379,true,889,true,0,true,1,true,0,true,0,true,0,true,0,true,17,true,2,true,0,true,0,true,3,true,0,true,0,true,1,true,24,true,0,true,0,true,0,true,0,true,0,true,0,true,0,true,0,true,0,true,0,true,0.261,true,-0.521,true,2.37,true,3.58,true,2.09,true,5.62,true,4.1,true,2.71,true,0.77,true,8.88,true,37.99,true,8.83,true,0.2,true,0.17,true,0.45,true,0,false,1,true,0,true,14,true,1,true,9,true,133,true,7,true,55,true,1346,true,0,false,0,false,0.176491,true,3.756,true,4.1695806487067,true,1.3378278358527,true,0.642339826225583,true,9.18889543527248,true,4.62760924213052,true,1.7188515179232,true,3.81993602247232,true,2.96948703027658,true,3.14278746314415,true,0.9811,true,0.898163,true,0.8876,true,0.9216,true,0.7863,true,0.8845,true,0.863231,true,0.799092,true,0.919779,true,0.950415,true,0.865293,true,0.774557,true,0.857013,true,0.61236,true,0.864525,true,0.861035,true,0.616379,true,0.949819,true,0.929251,true,0.879458,true,0.822991,true,0.824134,true,0.863085,true,0.872381,true,0.819783,true,0.810843,true,0.870135,true,0.873476,true,0.878571,true,0.77562,true,0.949311,true,0.87966,true,0.871584,true,0.821641,true,0.924872,true,0.607981,true,0.778977,true,0.042,true,1,true,0.75,true,1,true,0.88,true,1,true,1,true,1,true,0.3365,true,1.8,true,,false,,false,,false,noncoding,true,,false,0,false,,false,,false,high,true,CATCC,true,0.019999999552965164,true,0,false,0.017999999225139618,true,3.3499999046325684,true,,false,,false,,false,,false,,false,0,false,,false,,false,,false
19-48703205-C-T,true,19,true,48703205,true,C,true,T,true,264690,true,117755,true,0.444879,true,PASS,true,rs681343,true,exonic,true,FUT2,true,synonymous SNV,true,"FUT2:ENST00000522966.2:exon2:c.C249T:p.Y83Y,FUT2:ENST00000425340.2:exon2:c.C249T:p.Y83Y,FUT2:ENST00000391876.5:exon2:c.C249T:p.Y83Y,",true,"ENST00000391876.5,ENST00000425340.2,ENST00000522966.1",true,"ENST00000522966.1:ENST00000522966.1:exon2:c.C249T:p.Y83Y,ENST00000425340.2:ENST00000425340.2:exon2:c.C249T:p.Y83Y,ENST00000391876.5:ENST00000391876.5:exon2:c.C249T:p.Y83Y,",true,0,false,0,false,0,false,0,false,,false,,false,"FUT2:NM_000511:exon2:c.C249T:p.Y83Y,FUT2:NM_001097638:exon2:c.C249T:p.Y83Y,",true,,false,,false,,false,,false,confers_sensitivity,true,,false,Familial_Otitis_Media,true,,false,no_assertion_criteria_provided,true,0,true,,false,,false,FUT2:2524|LOC105447645:105447645,true,0.214925532744385,true,0.410115607886982,true,0.642,true,0.12,true,7166,true,412,true,,false,0,false,,false,0,false,0.047,true,0.001,true,0.001,true,-4.057,true,-3.094,true,-3.068,true,878,true,0,true,0,true,1,true,2,true,0,true,4,true,17,true,4,true,0,true,0,true,0,true,1,true,0,true,0,true,18,true,0,true,0,true,0,true,0,true,0,true,0,true,0,true,0,true,1,true,0,true,11.1,true,-15.6,true,1.92,true,0.43,true,0.86,true,4.07,true,2.93,true,2.09,true,1.93,true,5.91,true,1.75,true,4.74,true,2.86,true,0.25,true,0.21,true,0,false,2,true,0,true,24,true,9,true,10,true,205,true,43,true,67,true,1374,true,1,true,1,true,-0.909564,true,0.003,true,0.0104106338276935,true,0.574280406706889,true,0.887591984065887,true,3.39504524735015,true,0.138785890393474,true,0.963065788578285,true,0.111616005186475,true,2.96948703027658,true,4.69788595321814,true,0.4909,true,0.321685,true,0.3429,true,0.004,true,0.4404,true,0.2832,true,0.449359,true,0.448805,true,0.00207469,true,0.498599,true,0.459311,true,0.371114,true,0.419708,true,0.347778,true,0.424115,true,0.438752,true,0.380851,true,0.499809,true,0.00296912,true,0.288164,true,0.476801,true,0.442308,true,0.449311,true,0.428707,true,0.478261,true,0.44575,true,0.370591,true,0.371274,true,0.29927,true,0.370488,true,0.500839,true,0.285655,true,0.370887,true,0.477415,true,0.00255591,true,0.311628,true,0.368505,true,0,false,0.75,true,0,false,0.833,true,0.12,true,0.88,true,0.56,true,0.94,true,1.085,true,4.15,true,0.22625,true,Recessive,true,0,true,coding,true,,false,0,false,,false,,false,low,true,TACGC,true,1.2039999961853027,true,0,false,2.4100000858306885,true,53.810001373291016,true,c.249C>T,true,p.Y83=,true,ENST00000391876.5:c.249C>T,true,ENSP00000375748.4:p.Tyr83=,true,19:g.48703205C>T,true,7,true,n,true,,false,SNV,true
19-50722287-A-G,true,19,true,50722287,true,A,true,G,true,264690,true,194540,true,0.734973,true,PASS,true,rs890863,true,intergenic,true,"SHANK1(dist=2837),CLEC11A(dist=1077)",true,,false,,false,"ENST00000391814.5(dist=2837),ENST00000250340.8(dist=1042)",true,,false,0,false,0,false,0,false,0,false,,false,,false,,false,,false,,false,Name=2.32;genehancer_id=GH19I050720;connected_gene=CLEC11A;score=570.56;connected_gene=C19orf48;score=12.17;connected_gene=GPR32;score=12.16;connected_gene=AKT1S1;score=11.24;connected_gene=SNORD88A;score=10.93;connected_gene=SNORD88C;score=10.93;connected_gene=SNORD88B;score=10.93;connected_gene=LINC01869;score=10.70;connected_gene=NUP62;score=10.40;connected_gene=KLK1;score=10.36;connected_gene=KLK15;score=10.35;connected_gene=EMC10;score=5.82;connected_gene=KLK8;score=4.82;connected_gene=SHANK1;score=4.19;connected_gene=GPR32P1;score=0.29,true,SE_62057,true,,false,,false,,false,,false,,false,,false,,false,,false,,false,7.78605096980356,true,3.99078462400278,true,0.589,true,0.013,true,1043,true,3183,true,,false,0,false,,false,0,false,0.026,true,0,true,0,true,0.558,true,-0.654,true,-0.759,true,900,true,0,true,1,true,1,true,0,true,0,true,0,true,1,true,0,true,0,true,0,true,0,true,6,true,1,true,0,true,16,true,0,true,0,true,0,true,0,true,3,true,6,true,4,true,8,true,0,true,1,true,5.81,true,-9.41,true,21.32,true,10.25,true,9.06,true,4.58,true,4.4,true,7.42,true,8.74,true,2.34,true,4.01,true,8.04,true,6.45,true,0.95,true,0.01,true,0,false,1,true,1,true,10,true,1,true,7,true,137,true,17,true,60,true,1446,true,7,true,7,true,0.087458,true,2.646,true,1.49873612084867,true,7.85092386430669,true,1.76343588399323,true,2.58792828405475,true,3.58830819193863,true,2.26089130886466,true,3.10642777011419,true,2.96948703027658,true,9.21084400476186,true,0.9561,true,0.669928,true,0.6311,true,0.373,true,0.6839,true,0.6022,true,0.729539,true,0.662883,true,0.407074,true,0.908458,true,0.738183,true,0.623501,true,0.72354,true,0.72433,true,0.731559,true,0.720326,true,0.735043,true,0.910538,true,0.380981,true,0.588603,true,0.670195,true,0.671575,true,0.729419,true,0.739962,true,0.666482,true,0.666968,true,0.662299,true,0.672842,true,0.594306,true,0.621561,true,0.912309,true,0.587308,true,0.666863,true,0.668633,true,0.393064,true,0.712617,true,0.615447,true,0,false,1,true,1,true,1,true,1,true,1,true,1,true,1,true,0,false,2.4,true,,false,,false,,false,noncoding,true,,false,0,false,,false,,false,TFBS,true,GAATG,true,0.09399999678134918,true,0.10499999672174454,true,0.1550000011920929,true,5,true,,false,,false,,false,,false,,false,0,false,,false,,false,,false
19-50820245-A-G,true,19,true,50820245,true,A,true,G,true,264690,true,188343,true,0.711561,true,PASS,true,rs1054713,true,exonic,true,KLK1,true,synonymous SNV,true,"KLK1:ENST00000301420.3:exon3:c.T405C:p.D135D,",true,ENST00000301420.2,true,"ENST00000301420.2:ENST00000301420.2:exon3:c.T405C:p.D135D,",true,0,false,0,false,0,false,0,false,,false,,false,"KLK1:NM_002257:exon3:c.T405C:p.D135D,",true,,false,,false,Name=1.65;genehancer_id=GH19I050819;connected_gene=KLK1;score=556.15;connected_gene=POLD1;score=12.30;connected_gene=NUP62;score=11.33;connected_gene=SIGLEC6;score=10.66;connected_gene=LINC01869;score=8.83;connected_gene=VRK3;score=6.10;connected_gene=ENSG00000284711;score=0.44,true,,false,,false,,false,,false,,false,,false,,false,,false,,false,,false,0.214925532744385,true,0.411651322857067,true,0.623,true,0.107,true,605,true,974,true,,false,0,false,,false,0,false,0,true,0,true,0,true,-4.956,true,-3.181,true,-4.027,true,929,true,1,true,0,true,0,true,0,true,0,true,0,true,0,true,0,true,0,true,0,true,0,true,2,true,0,true,0,true,2,true,1,true,1,true,1,true,1,true,16,true,6,true,12,true,5,true,0,true,0,true,14.7,true,-29.3,true,21.24,true,41.58,true,24.68,true,17.34,true,15.31,true,13.62,true,73.6,true,6.6,true,10.23,true,12.51,true,29.99,true,0.92,true,0.2,true,0,false,2,true,0,true,14,true,9,true,4,true,138,true,44,true,78,true,1393,true,51,true,65,true,-0.486982,true,0.059,true,0.00488214578291783,true,16.0647790050374,true,17.3301785128919,true,8.50318668728544,true,0.53125964560787,true,8.10064214072377,true,0.501783222947765,true,2.96948703027658,true,18.1289844842921,true,0.7466,true,0.727236,true,0.7651,true,0.8026,true,0.672,true,0.6534,true,0.700496,true,0.650397,true,0.790278,true,0.746208,true,0.702764,true,0.656958,true,0.730347,true,0.641111,true,0.711359,true,0.69808,true,0.644681,true,0.745422,true,0.796429,true,0.662376,true,0.67242,true,0.605128,true,0.700223,true,0.691651,true,0.668878,true,0.629139,true,0.736298,true,0.741286,true,0.672598,true,0.662063,true,0.744751,true,0.660049,true,0.738458,true,0.67093,true,0.79359,true,0.637209,true,0.67817,true,0.667,true,1,true,1,true,1,true,1,true,1,true,1,true,1,true,0,false,3.95,true,,false,,false,0,true,coding,true,,false,0,false,,false,,false,TFBS,true,GCATC,true,0.12800000607967377,true,0,false,0.20000000298023224,true,7.46999979019165,true,c.405T>C,true,p.D135=,true,ENST00000301420.2:c.405T>C,true,ENSP00000301420.1:p.Asp135=,true,19:g.50820245A>G,true,5,true,y,true,,false,SNV,true
19-50837538-G-A,true,19,true,50837538,true,G,true,A,true,264690,true,121148,true,0.457698,true,PASS,true,rs2659053,true,ncRNA_intronic,true,AC011523.1,true,,false,,false,ENST00000598079.1,true,,false,0,false,0,false,0,false,0,false,,false,,false,,false,,false,,false,Name=0.63;genehancer_id=GH19I050837;connected_gene=KLK15;score=550.77;connected_gene=KLK2;score=15.93;connected_gene=LINC01869;score=11.85;connected_gene=C19orf48;score=11.84;connected_gene=SNORD88C;score=11.82;connected_gene=SNORD88A;score=11.11;connected_gene=SNORD88B;score=11.11;connected_gene=LOC105372441;score=0.44;connected_gene=KLK3;score=0.37,true,"SE_33581,SE_41577",true,,false,,false,,false,,false,,false,,false,,false,,false,,false,8.42736465433186,true,0.450636916818184,true,0.536,true,0.08,true,325,true,12233,true,,false,0,false,,false,0,false,0.001,true,0,true,0,true,-1.782,true,-1.318,true,-1.307,true,900,true,0,true,0,true,1,true,7,true,0,true,0,true,0,true,0,true,0,true,0,true,0,true,1,true,0,true,1,true,8,true,0,true,0,true,0,true,0,true,0,true,13,true,12,true,3,true,2,true,0,true,3.37,true,-5.42,true,9.41,true,4.38,true,8.32,true,7.97,true,11.96,true,5.57,true,19.88,true,5.59,true,4.21,true,12.62,true,13.93,true,0.99,true,0,true,0,false,2,true,0,true,13,true,3,true,7,true,112,true,47,true,60,true,1277,true,39,true,55,true,-0.311759,true,0.24,true,0.110202955047262,true,8.5816971533353,true,6.620449292807,true,3.59505327911561,true,1.22166590842299,true,21.1436792559176,true,1.63684336225339,true,2.96948703027658,true,16.9659651773089,true,0.4554,true,0.497005,true,0.6225,true,0.6488,true,0.3718,true,0.4366,true,0.437985,true,0.379115,true,0.615811,true,0.467549,true,0.437514,true,0.38097,true,0.449909,true,0.481027,true,0.445896,true,0.438486,true,0.474359,true,0.469514,true,0.651425,true,0.42947,true,0.393791,true,0.356868,true,0.438097,true,0.441683,true,0.393089,true,0.368675,true,0.554348,true,0.575891,true,0.432384,true,0.382347,true,0.471186,true,0.428804,true,0.563666,true,0.393495,true,0.634997,true,0.488318,true,0.386709,true,0.958,true,1,true,1,true,1,true,1,true,1,true,1,true,1,true,0,false,5.2,true,,false,,false,,false,noncoding,true,,false,0,false,,false,,false,TFBS,true,ACGGC,true,1.347000002861023,true,0,false,1.8769999742507935,true,106.06999969482422,true,,false,,false,,false,,false,,false,0,false,,false,,false,,false
19-50879816-G-T,true,19,true,50879816,true,G,true,T,true,264690,true,119295,true,0.450697,true,PASS,true,rs198978,true,UTR3,true,"KLK2(ENST00000391810.6:c.*1257G>T,ENST00000325321.8:c.*1257G>T,ENST00000358049.8:c.*1408G>T,ENST00000597439.1:c.*1572G>T)",true,,false,,false,"ENST00000325321.7(ENST00000325321.7:c.*1257G>T),ENST00000358049.8(ENST00000358049.8:c.*1408G>T),ENST00000391810.6(ENST00000391810.6:c.*1257G>T),ENST00000597439.1(ENST00000597439.1:c.*1572G>T)",true,,false,0,false,0,false,0,false,0,false,,false,,false,,false,,false,,false,,false,SE_41577,true,,false,,false,,false,,false,,false,,false,,false,,false,,false,6.83275075132516,true,0.831035350805844,true,0.49,true,0,true,2372,true,601,true,,false,0,false,,false,0,false,0.014,true,0.007,true,0.007,true,0.449,true,0.715,true,0.725,true,796,true,0,true,1,true,2,true,11,true,1,true,0,true,0,true,0,true,0,true,0,true,0,true,0,true,0,true,0,true,7,true,0,true,0,true,0,true,0,true,0,true,22,true,4,true,0,true,0,true,0,true,0.9,true,-0.178,true,6.2,true,5.61,true,5.06,true,6.04,true,13.94,true,7.02,true,24.63,true,2.76,true,3.18,true,11,true,8,true,0.39,true,0,false,0,false,2,true,0,true,18,true,5,true,5,true,145,true,33,true,80,true,1481,true,6,true,8,true,0.058529,true,2.325,true,4.56281290705692,true,5.40449954476356,true,11.1687757004027,true,2.79070903468683,true,0.386883022257615,true,9.95131384013498,true,0.565313526582751,true,2.96948703027658,true,8.94286612427958,true,0.7504,true,0.429513,true,0.4078,true,0.1994,true,0.3698,true,0.3098,true,0.44547,true,0.367196,true,0.216066,true,0.665976,true,0.452408,true,0.352815,true,0.43,true,0.366667,true,0.430362,true,0.438088,true,0.368085,true,0.667454,true,0.218268,true,0.326343,true,0.356355,true,0.364744,true,0.445607,true,0.43074,true,0.355001,true,0.366045,true,0.353526,true,0.372927,true,0.340989,true,0.355526,true,0.668713,true,0.323009,true,0.361925,true,0.355785,true,0.217252,true,0.365116,true,0.364109,true,0.75,true,1,true,1,true,1,true,1,true,1,true,1,true,1,true,7.112,true,5.4,true,,false,,false,,false,noncoding,true,,false,0,false,,false,,false,TFBS,true,ATGCC,true,0.029999999329447746,true,0,false,0.054999999701976776,true,3.2200000286102295,true,,false,,false,,false,,false,,false,0,false,,false,,false,,false
2-18730408-G-C,true,2,true,18730408,true,G,true,C,true,264690,true,233828,true,0.883403,true,PASS,true,rs12710685,true,intergenic,true,"NT5C1B(dist=140836),AC106053.1(dist=54399)",true,,false,,false,"ENST00000406971.6(dist=140836),ENST00000431697.1(dist=54399)",true,,false,0,false,0,false,0,false,0,false,,false,,false,,false,,false,,false,,false,,false,,false,,false,,false,,false,,false,,false,,false,,false,,false,3.56078306528644,true,3.44948840166013,true,0.483,true,0.013,true,54400,true,57345,true,,false,0,false,,false,0,false,0.004,true,0.004,true,0.004,true,0.289,true,0.292,true,0.295,true,931,true,0,true,0,true,1,true,35,true,0,true,0,true,0,true,0,true,0,true,0,true,0,true,0,true,0,true,0,true,11,true,0,true,0,true,0,true,0,true,0,true,1,true,0,true,0,true,0,true,0,true,0.269,true,-0.539,true,5.82,true,8.72,true,5.84,true,8.75,true,14.21,true,5.03,true,13.85,true,5.11,true,7.31,true,9.32,true,11.24,true,0.29,true,0.11,true,0,false,1,true,2,true,17,true,3,true,13,true,142,true,25,true,107,true,1414,true,0,false,0,false,-0.150567,true,0.739,true,2.23500973929037,true,4.10657558779883,true,6.53028482034234,true,4.89135999891164,true,0.316614749724955,true,9.95451050739338,true,0.259473285585166,true,2.96948703027658,true,3.14278746314415,true,0.8472,true,0.8127,true,0.8934,true,0.8591,true,0.8678,true,0.6043,true,0.876773,true,0.886493,true,0.832873,true,0.873014,true,0.883719,true,0.792025,true,0.882299,true,0.73608,true,0.873832,true,0.869377,true,0.735043,true,0.872505,true,0.831938,true,0.647584,true,0.902643,true,0.901923,true,0.876524,true,0.864943,true,0.906179,true,0.893739,true,0.889521,true,0.885007,true,0.636691,true,0.797308,true,0.87207,true,0.650041,true,0.887568,true,0.904131,true,0.832372,true,0.737209,true,0.814,true,0.792,true,1,true,0.972,true,1,true,1,true,1,true,1,true,1,true,0.1919,true,4.6,true,,false,,false,,false,noncoding,true,,false,0,false,,false,,false,high,true,CTGAT,true,0.050999999046325684,true,0,false,0.041999999433755875,true,3.1500000953674316,true,,false,,false,,false,,false,,false,0,false,,false,,false,,false
2-25241002-C-T,true,2,true,25241002,true,C,true,T,true,264690,true,167274,true,0.631962,true,PASS,true,rs734693,true,intronic,true,DNMT3A,true,,false,,false,"ENST00000461228.1,ENST00000466601.5,ENST00000474887.5,ENST00000482935.5,ENST00000491288.5",true,,false,0,false,0,false,0,false,0,false,,false,,false,,false,,false,,false,Name=0.2;genehancer_id=GH02I025239;connected_gene=LINC01381;score=12.54;connected_gene=POMC;score=11.43;connected_gene=DNAJC27-AS1;score=9.81;connected_gene=DNAJC27;score=9.81;connected_gene=RPS13P5;score=9.81;connected_gene=ENSG00000202479;score=9.81;connected_gene=ADCY3;score=5.09;connected_gene=PIR34629;score=0.44;connected_gene=GC02M025233;score=0.44;connected_gene=GC02P025255;score=0.37;connected_gene=GC02M025128;score=0.37;connected_gene=DNMT3A;score=0.15,true,"SE_18504,SE_03896",true,Benign,true,,false,not_provided,true,,false,"criteria_provided,_single_submitter",true,1,true,MedGen:CN517202,true,,false,DNMT3A:1788,true,5.36112200942161,true,2.73942165773112,true,0.563,true,0.013,true,1014,true,1826,true,,false,0,false,,false,0,false,0.001,true,0,true,0,true,-1.233,true,-0.036,true,0.067,true,535,true,0,true,0,true,0,true,2,true,0,true,0,true,8,true,31,true,2,true,2,true,1,true,0,true,0,true,0,true,2,true,0,true,0,true,0,true,0,true,0,true,0,true,0,true,0,true,0,true,0,true,4.46,true,4.46,true,6.22,true,6.9,true,6.77,true,9.56,true,8.97,true,13.25,true,6.48,true,65.33,true,7.44,true,15.72,true,5.31,true,0.68,true,0.45,true,0,false,1,true,0,true,14,true,2,true,3,true,120,true,7,true,46,true,1339,true,3,true,3,true,-0.045376,true,1.374,true,0.82444787819138,true,8.10653033905123,true,5.66470086405844,true,15.005017776416,true,7.98273241973706,true,6.7202638458782,true,7.01974143669535,true,2.96948703027658,true,6.67310705463728,true,0.4274,true,0.517572,true,0.6556,true,0.3323,true,0.7286,true,0.5153,true,0.650724,true,0.668558,true,0.345354,true,0.486909,true,0.651735,true,0.79216,true,0.627057,true,0.716667,true,0.636999,true,0.649648,true,0.706383,true,0.490427,true,0.328367,true,0.551577,true,0.748286,true,0.636538,true,0.6505,true,0.647338,true,0.7411,true,0.653522,true,0.686434,true,0.6717,true,0.538869,true,0.79086,true,0.493418,true,0.554479,true,0.680065,true,0.745262,true,0.336218,true,0.727907,true,0.786741,true,0.583,true,1,true,1,true,1,true,1,true,1,true,1,true,1,true,0,false,1.65,true,,false,,false,,false,noncoding,true,,false,0,false,,false,,false,high,true,GACGG,true,0.4000000059604645,true,0,false,2.4100000858306885,true,123.94999694824219,true,,false,,false,,false,,false,,false,0,false,,false,,false,,false
2-60532612-G-T,true,2,true,60532612,true,G,true,T,true,264690,true,217620,true,0.822169,true,PASS,true,rs2556375,true,intronic,true,BCL11A,true,,false,,false,"ENST00000477659.1,ENST00000644606.1",true,,false,0,false,0,false,0,false,0,false,,false,,false,,false,,false,,false,Name=2.42;genehancer_id=GH02I060525;connected_gene=ENSG00000233953;score=10.98;connected_gene=USP34;score=10.11;connected_gene=REL;score=9.91;connected_gene=LOC105377633;score=9.70;connected_gene=GC02P060545;score=0.39;connected_gene=GC02P060512;score=0.37;connected_gene=BCL11A;score=0.34,true,"SE_62317,SE_13371,SE_58885,SE_08254,SE_27861,SE_60488,SE_61079,SE_33555,SE_41350,SE_64961,SE_28998,SE_10188,SE_09302,SE_26931,SE_55050,SE_60077,SE_14093,SE_26255",true,,false,,false,,false,,false,,false,,false,,false,,false,,false,15.8060626054527,true,2.4884899556867,true,0.311,true,0.013,true,3595,true,249,true,,false,0,false,,false,0,false,0.976,true,1,true,1,true,0.469,true,3.267,true,2.383,true,848,true,0,true,0,true,0,true,2,true,0,true,0,true,1,true,0,true,1,true,1,true,1,true,4,true,2,true,2,true,16,true,0,true,2,true,1,true,0,true,1,true,12,true,1,true,1,true,0,true,0,true,12.4,true,3.7,true,12.39,true,14.37,true,7,true,6.84,true,6.04,true,9.35,true,15.24,true,9.26,true,34.08,true,9.65,true,5.11,true,1.27,true,0,true,0,false,1,true,0,true,12,true,2,true,2,true,134,true,8,true,42,true,1411,true,10,true,12,true,1.91894,true,18.18,true,20.6507471395875,true,7.70637555545557,true,2.54758024385274,true,14.4277687354741,true,7.64585639787538,true,11.1486127253326,true,7.19002891179839,true,2.96948703027658,true,10.7570187589915,true,0.8449,true,0.803514,true,0.7695,true,0.7302,true,0.8121,true,0.8384,true,0.823647,true,0.763337,true,0.76971,true,0.836803,true,0.827366,true,0.777539,true,0.83,true,0.88196,true,0.824349,true,0.819688,true,0.899573,true,0.83775,true,0.773214,true,0.840879,true,0.834769,true,0.741357,true,0.823455,true,0.818441,true,0.833591,true,0.753008,true,0.788998,true,0.788422,true,0.85159,true,0.774674,true,0.838556,true,0.838437,true,0.788749,true,0.834273,true,0.771593,true,0.862791,true,0.7656,true,0.792,true,1,true,1,true,1,true,1,true,1,true,1,true,1,true,0.5949,true,1.3,true,,false,,false,,false,noncoding,true,,false,0,false,,false,,false,TFBS,true,AGGAT,true,0.09399999678134918,true,0,false,0.04500000178813934,true,5.800000190734863,true,,false,,false,,false,,false,,false,0,false,,false,,false,,false
2-63050708-C-G,true,2,true,63050708,true,C,true,G,true,264690,true,128011,true,0.483626,true,PASS,true,rs58235267,true,intronic,true,OTX1,true,,false,,false,ENST00000366671.7,true,,false,0,false,0,false,0,false,0,false,,false,,false,,false,,false,,false,Name=2.41;genehancer_id=GH02I063048;connected_gene=LOC100132215;score=550.77;connected_gene=OTX1;score=550.77;connected_gene=VPS54;score=18.41;connected_gene=WDPCP;score=5.68,true,,false,,false,,false,,false,,false,,false,,false,,false,,false,,false,16.7399018736542,true,3.25367447240165,true,0.815,true,0.267,true,34,true,1097,true,,false,0,false,,false,0,false,0.963,true,0.997,true,0.051,true,0.417,true,0.054,true,0.142,true,326,true,0,true,0,true,0,true,0,true,0,true,0,true,0,true,0,true,0,true,0,true,0,true,1,true,0,true,0,true,0,true,1,true,0,true,0,true,25,true,19,true,0,true,2,true,0,true,0,true,0,true,15.2,true,-30.4,true,2.55,true,31.41,true,46.97,true,13.4,true,0.84,true,8.51,true,6.2,true,0.27,true,1.95,true,0,false,17.17,true,16.84,true,0,true,0,false,1,true,0,true,18,true,1,true,6,true,198,true,3,true,30,true,1504,true,83,true,159,true,1.479353,true,15.58,true,13.6147292230101,true,9.58121361493081,true,0.716842924955237,true,0.44640513997476,true,4.8947614910438,true,12.6226436069955,true,2.75341117582361,true,2.96948703027658,true,21.9709384693111,true,0.4667,true,0.547324,true,0.4986,true,0.6845,true,0.4642,true,0.635,true,0.471698,true,0.37798,true,0.669693,true,0.451666,true,0.47164,true,0.392187,true,0.472678,true,0.56,true,0.474395,true,0.471759,true,0.538298,true,0.449133,true,0.659281,true,0.574244,true,0.475848,true,0.381748,true,0.472071,true,0.47619,true,0.477458,true,0.379747,true,0.518763,true,0.533729,true,0.544326,true,0.396066,true,0.446975,true,0.581048,true,0.525242,true,0.476525,true,0.664088,true,0.583721,true,0.40836,true,0.833,true,1,true,1,true,1,true,1,true,1,true,1,true,1,true,0.1306,true,1.35,true,,false,,false,,false,noncoding,true,,false,0,false,,false,,false,TFBS,true,CCCGG,true,0.11699999868869781,true,0.12800000607967377,true,0.08699999749660492,true,9.300000190734863,true,,false,,false,,false,,false,,false,0,false,,false,,false,,false
2-198064359-G-A,true,2,true,198064359,true,G,true,A,true,264690,true,194503,true,0.734833,true,PASS,true,rs34388051,true,intronic,true,PLCL1,true,,false,,false,"ENST00000428675.5,ENST00000435320.1,ENST00000487695.6",true,,false,0,false,0,false,0,false,0,false,,false,,false,,false,,false,,false,,false,,false,,false,,false,,false,,false,,false,,false,,false,,false,,false,10.4170115291325,true,0.437709532463053,true,0.305,true,0.013,true,254101,true,82574,true,,false,0,false,,false,0,false,0.043,true,0,true,0,true,0.475,true,0.017,true,0.038,true,729,true,0,true,0,true,0,true,30,true,0,true,0,true,0,true,0,true,0,true,0,true,0,true,0,true,0,true,0,true,14,true,0,true,0,true,0,true,0,true,0,true,4,true,0,true,0,true,0,true,0,true,4.96,true,-9.93,true,5.37,true,2.16,true,2.67,true,3.75,true,6.8,true,5.54,true,10.63,true,2.88,true,5.1,true,7.13,true,4.91,true,0.26,true,0.04,true,0,false,2,true,0,true,12,true,3,true,6,true,129,true,14,true,53,true,1287,true,0,false,0,false,-0.198564,true,0.543,true,3.48051010672937,true,3.14611951293617,true,2.96797609494504,true,4.4831360210886,true,4.54367744749794,true,7.36474329186329,true,3.55117825219597,true,2.96948703027658,true,3.14278746314415,true,0.8313,true,0.663738,true,0.6052,true,0.4484,true,0.7018,true,0.6616,true,0.729819,true,0.761092,true,0.46014,true,0.874051,true,0.732906,true,0.608122,true,0.709854,true,0.759508,true,0.721808,true,0.726528,true,0.76383,true,0.868737,true,0.487981,true,0.678005,true,0.686852,true,0.753539,true,0.729777,true,0.734286,true,0.689462,true,0.757548,true,0.669694,true,0.6387,true,0.704626,true,0.60647,true,0.864212,true,0.671938,true,0.656287,true,0.687951,true,0.475113,true,0.754717,true,0.601286,true,0.625,true,1,true,1,true,1,true,1,true,1,true,1,true,1,true,0.0515,true,1.65,true,,false,,false,,false,noncoding,true,,false,0,false,,false,,false,high,true,TCGGG,true,0.2879999876022339,true,0,false,1.8769999742507935,true,109.77999877929688,true,,false,,false,,false,,false,,false,0,false,,false,,false,,false
2-198064362-A-G,true,2,true,198064362,true,A,true,G,true,264690,true,194499,true,0.734818,true,PASS,true,rs35657897,true,intronic,true,PLCL1,true,,false,,false,"ENST00000428675.5,ENST00000435320.1,ENST00000487695.6",true,,false,0,false,0,false,0,false,0,false,,false,,false,,false,,false,,false,,false,,false,,false,,false,,false,,false,,false,,false,,false,,false,,false,10.4170115291325,true,0.437270011908406,true,0.311,true,0.013,true,254104,true,82571,true,,false,0,false,,false,0,false,0.026,true,0.002,true,0.002,true,-0.199,true,1.327,true,1.211,true,729,true,0,true,0,true,0,true,30,true,0,true,0,true,0,true,0,true,0,true,0,true,0,true,0,true,0,true,0,true,14,true,0,true,0,true,0,true,0,true,0,true,4,true,0,true,0,true,0,true,0,true,4.78,true,4.78,true,5.39,true,2.18,true,2.99,true,3.75,true,6.95,true,5.62,true,10.58,true,2.88,true,5.12,true,7.11,true,4.91,true,0.26,true,0.04,true,0,false,2,true,0,true,13,true,3,true,6,true,129,true,14,true,53,true,1288,true,0,false,0,false,0.258702,true,4.806,true,6.65326361483621,true,3.20298836071137,true,2.98581288619304,true,4.4831360210886,true,4.34507236026965,true,8.95185905149738,true,3.33627871793406,true,2.96948703027658,true,3.14278746314415,true,0.882,true,0.679313,true,0.611,true,0.4504,true,0.7038,true,0.6646,true,0.729662,true,0.760227,true,0.458856,true,0.873894,true,0.732651,true,0.608094,true,0.709854,true,0.759508,true,0.721808,true,0.726475,true,0.76383,true,0.868552,true,0.487981,true,0.676994,true,0.686691,true,0.753539,true,0.729624,true,0.734286,true,0.689439,true,0.757091,true,0.66987,true,0.638823,true,0.701413,true,0.606234,true,0.864003,true,0.671394,true,0.65643,true,0.687848,true,0.4745,true,0.754717,true,0.600402,true,0.708,true,1,true,1,true,1,true,1,true,1,true,1,true,1,true,0.0515,true,1.65,true,,false,,false,,false,noncoding,true,,false,0,false,,false,,false,high,true,GGAAT,true,0.050999999046325684,true,0,false,0.05000000074505806,true,2.380000114440918,true,,false,,false,,false,,false,,false,0,false,,false,,false,,false
20-33363039-G-A,true,20,true,33363039,true,G,true,A,true,264690,true,242699,true,0.916918,true,PASS,true,rs291671,true,intronic,true,CDK5RAP1,true,,false,,false,"ENST00000461710.5,ENST00000481964.5,ENST00000482967.5,ENST00000496381.5,ENST00000498525.5",true,,false,0,false,0,false,0,false,0,false,,false,,false,,false,,false,,false,,false,,false,,false,,false,,false,,false,,false,,false,,false,,false,,false,6.87138196981109,true,0.422818788666027,true,0.351,true,0,true,10321,true,2688,true,,false,0,false,,false,0,false,0.087,true,0.007,true,0.008,true,0.225,true,-0.635,true,-0.564,true,51,true,0,true,0,true,0,true,0,true,0,true,0,true,36,true,8,true,0,true,0,true,2,true,0,true,0,true,0,true,2,true,0,true,0,true,0,true,0,true,0,true,0,true,0,true,0,true,0,true,0,true,1.06,true,-2.12,true,10.07,true,4.3,true,6.83,true,8.05,true,5.94,true,10.92,true,4.43,true,33.56,true,7.75,true,13.8,true,4.95,true,0.52,true,0.17,true,0,false,1,true,1,true,5,true,2,true,10,true,108,true,6,true,58,true,1235,true,8,true,9,true,-0.141409,true,0.783,true,0.799799836547179,true,4.08828324456789,true,2.39436382765548,true,10.2199108722213,true,8.00111547536472,true,2.77711197026007,true,5.9785758264459,true,2.96948703027658,true,9.84117355654295,true,0.9622,true,0.875,true,0.9179,true,0.6855,true,0.9254,true,0.8701,true,0.91688,true,0.935868,true,0.676796,true,0.958846,true,0.918204,true,0.895404,true,0.925182,true,0.966443,true,0.929171,true,0.915471,true,0.972222,true,0.957865,true,0.687872,true,0.867608,true,0.904659,true,0.918694,true,0.916785,true,0.933333,true,0.907409,true,0.927798,true,0.914083,true,0.920278,true,0.850534,true,0.894822,true,0.95703,true,0.871475,true,0.916764,true,0.905816,true,0.682748,true,0.960094,true,0.892971,true,0.125,true,1,true,1,true,1,true,1,true,1,true,1,true,1,true,0.1226,true,1.75,true,,false,,false,,false,noncoding,true,,false,0,false,,false,,false,TFBS,true,TAGCA,true,0.09399999678134918,true,0,false,0.14000000059604645,true,10.65999984741211,true,,false,,false,,false,,false,,false,0,false,,false,,false,,false
4-24408401-G-A,true,4,true,24408401,true,G,true,A,true,264690,true,197882,true,0.747599,true,PASS,true,rs4276269,true,intergenic,true,"NONE(dist=NONE),MIR573(dist=111791)",true,,false,,false,"ENST00000514494.1(dist=504312),ENST00000510645.5(dist=109040)",true,,false,0,false,0,false,0,false,0,false,,false,,false,,false,,false,,false,,false,,false,,false,,false,,false,,false,,false,,false,,false,,false,,false,1.49889687144913,true,9.20103288878958,true,0.305,true,0.013,true,111890,true,109041,true,,false,0,false,,false,0,false,0.002,true,0,true,0,true,-0.349,true,-0.953,true,-0.923,true,965,true,0,true,0,true,1,true,26,true,0,true,0,true,0,true,0,true,0,true,0,true,0,true,0,true,0,true,0,true,10,true,0,true,0,true,0,true,0,true,0,true,11,true,0,true,0,true,0,true,0,true,5.24,true,-10.5,true,2.93,true,4.69,true,4.72,true,7.97,true,5.46,true,2.71,true,11.33,true,2.74,true,4.12,true,5.99,true,5.69,true,0.19,true,0.02,true,0,false,1,true,1,true,20,true,4,true,8,true,118,true,20,true,68,true,1281,true,0,false,0,false,-0.43202,true,0.093,true,0.51598360170649,true,4.81883256455894,true,1.46152910427633,true,6.46180239211198,true,1.31403674497124,true,17.0935885334977,true,1.25026083834674,true,2.96948703027658,true,3.14278746314415,true,0.7549,true,0.722843,true,0.7824,true,0.7698,true,0.7038,true,0.6084,true,0.745423,true,0.751986,true,0.780775,true,0.747509,true,0.748514,true,0.736902,true,0.774635,true,0.674833,true,0.764212,true,0.742131,true,0.687234,true,0.75,true,0.769368,true,0.591689,true,0.742731,true,0.740717,true,0.745211,true,0.753333,true,0.742467,true,0.746691,true,0.77969,true,0.77439,true,0.611702,true,0.740256,true,0.752119,true,0.587115,true,0.777395,true,0.74262,true,0.774648,true,0.661215,true,0.75102,true,0.917,true,1,true,1,true,1,true,1,true,1,true,1,true,1,true,0,false,3.85,true,,false,,false,,false,noncoding,true,,false,0,false,,false,,false,TFBS,true,CAGTT,true,0.11699999868869781,true,0,false,0.14800000190734863,true,8.270000457763672,true,,false,,false,,false,,false,,false,0,false,,false,,false,,false
4-145969109-A-G,true,4,true,145969109,true,A,true,G,true,264690,true,104916,true,0.396373,true,PASS,true,rs9968429,true,intergenic,true,"RF00019(dist=10869),AC108206.1(dist=83495)",true,,false,,false,"ENST00000364444.1(dist=10869),ENST00000570186.1(dist=83495)",true,,false,0,false,0,false,0,false,0,false,,false,,false,,false,,false,,false,,false,,false,,false,,false,,false,,false,,false,,false,,false,,false,,false,1.14223953904929,true,3.53162677263711,true,0.252,true,0,true,10869,true,10981,true,,false,0,false,,false,0,false,0.005,true,0.109,true,0.078,true,0.595,true,0.937,true,0.871,true,228,true,0,true,0,true,1,true,21,true,0,true,0,true,0,true,0,true,0,true,0,true,0,true,0,true,0,true,0,true,11,true,0,true,0,true,0,true,0,true,0,true,14,true,1,true,0,true,0,true,0,true,2.8,true,-5.6,true,1.3,true,3.29,true,4.34,true,2.66,true,7.09,true,3.87,true,16.11,true,2.26,true,3.63,true,4.69,true,5.37,true,0.07,true,0,true,0,false,1,true,0,true,15,true,3,true,4,true,162,true,40,true,64,true,1439,true,0,false,0,false,0.173532,true,3.718,true,7.2730982285408,true,1.67254506209048,true,6.94168596541396,true,3.62305233233959,true,1.39766766843389,true,11.1486127253326,true,1.28273763509888,true,2.96948703027658,true,3.14278746314415,true,0.4455,true,0.401358,true,0.3818,true,0.4623,true,0.3986,true,0.2955,true,0.391155,true,0.429545,true,0.482019,true,0.431453,true,0.388319,true,0.407197,true,0.431569,true,0.300668,true,0.414419,true,0.394173,true,0.293617,true,0.429968,true,0.46849,true,0.289612,true,0.356329,true,0.407692,true,0.391304,true,0.396584,true,0.365039,true,0.419277,true,0.408174,true,0.404447,true,0.274194,true,0.406352,true,0.428704,true,0.293076,true,0.406562,true,0.359994,true,0.474744,true,0.308411,true,0.403677,true,0.792,true,1,true,1,true,1,true,1,true,1,true,1,true,1,true,0.2125,true,5.2,true,,false,,false,,false,noncoding,true,,false,0,false,,false,,false,high,true,GAAAT,true,0.04100000113248825,true,0,false,0.04800000041723251,true,2.430000066757202,true,,false,,false,,false,,false,,false,0,false,,false,,false,,false
4-156576769-G-A,true,4,true,156576769,true,G,true,A,true,264690,true,78521,true,0.296653,true,PASS,true,rs13115840,true,intergenic,true,"CTSO(dist=622903),AC096736.3(dist=9210)",true,,false,,false,"ENST00000512179.1(dist=569781),ENST00000510753.1(dist=9210)",true,,false,0,false,0,false,0,false,0,false,,false,,false,,false,,false,,false,,false,,false,,false,,false,,false,,false,,false,,false,,false,,false,,false,0.822776673040159,true,5.5540481354533,true,0.351,true,0.013,true,9211,true,13271,true,,false,0,false,,false,0,false,0.003,true,0,true,0,true,-1.298,true,-0.626,true,-0.629,true,940,true,0,true,0,true,0,true,26,true,0,true,0,true,0,true,0,true,0,true,0,true,0,true,0,true,0,true,0,true,22,true,0,true,0,true,0,true,0,true,0,true,0,true,0,true,0,true,0,true,0,true,3.06,true,-6.11,true,4.34,true,5.45,true,1.68,true,2.19,true,1.24,true,2.41,true,4.63,true,2.18,true,0.49,true,2.07,true,2.87,true,0.13,true,0,true,0,false,1,true,0,true,10,true,1,true,6,true,149,true,23,true,56,true,1454,true,0,false,0,false,-0.368269,true,0.154,true,0.32972848423545,true,1.56339547090046,true,0.497264147647784,true,0.678967063500035,true,2.51957335237073,true,9.95131384013498,true,3.46123985723863,true,2.96948703027658,true,3.14278746314415,true,0.118,true,0.316494,true,0.3732,true,0.4603,true,0.4066,true,0.3037,true,0.289555,true,0.272159,true,0.448396,true,0.152246,true,0.290204,true,0.301722,true,0.332418,true,0.424107,true,0.31831,true,0.288864,true,0.446809,true,0.151733,true,0.472422,true,0.304391,true,0.354713,true,0.277992,true,0.289659,true,0.303468,true,0.35237,true,0.274894,true,0.341906,true,0.364149,true,0.283929,true,0.297368,true,0.151295,true,0.309076,true,0.351539,true,0.353727,true,0.461315,true,0.399061,true,0.283697,true,0.75,true,1,true,1,true,1,true,1,true,1,true,1,true,1,true,0.4805,true,4.95,true,,false,,false,,false,noncoding,true,,false,0,false,,false,,false,low,true,TGGCT,true,0.12800000607967377,true,0,false,0.15399999916553497,true,7.929999828338623,true,,false,,false,,false,,false,,false,0,false,,false,,false,,false
5-1321972-C-T,true,5,true,1321972,true,C,true,T,true,264690,true,127061,true,0.480037,true,PASS,true,rs401681,true,intronic,true,CLPTM1L,true,,false,,false,"ENST00000503042.5,ENST00000503534.5,ENST00000505605.5,ENST00000505914.5,ENST00000506641.5,ENST00000507195.5,ENST00000511268.6,ENST00000512451.5",true,,false,0,false,0,false,0,false,0,false,,false,,false,,false,,false,,false,Name=0.49;genehancer_id=GH05I001317;connected_gene=TERT;score=19.26;connected_gene=GC05M001307;score=0.39;connected_gene=GC05P001335;score=0.39;connected_gene=GC05P001306;score=0.39;connected_gene=CLPTM1L;score=0.34,true,"SE_57101,SE_58154,SE_34037,SE_61436,SE_31310,SE_55314,SE_25741,SE_32109",true,,false,,false,,false,,false,,false,,false,,false,,false,,false,4.42911383785099,true,0.504559620679781,true,0.49,true,0.04,true,143,true,325,true,,false,0,false,,false,0,false,0,true,0,true,0,true,-0.677,true,-2.47,true,-2.449,true,952,true,0,true,0,true,1,true,0,true,0,true,2,true,8,true,32,true,1,true,3,true,0,true,0,true,0,true,0,true,1,true,0,true,0,true,0,true,0,true,0,true,0,true,0,true,0,true,0,true,0,true,2.69,true,-5.37,true,6.61,true,7.23,true,5.58,true,7.58,true,7.36,true,10.15,true,8.65,true,69.39,true,12.81,true,13.78,true,2.52,true,0.59,true,0.19,true,0,false,1,true,0,true,12,true,3,true,7,true,164,true,24,true,71,true,1623,true,2,true,2,true,-0.395895,true,0.124,true,0.0531752896519271,true,7.38428321197766,true,3.06493554840158,true,12.9426687217082,true,1.15395443936435,true,9.95131384013498,true,1.12639806577999,true,2.96948703027658,true,5.78709819326725,true,0.6044,true,0.410743,true,0.4337,true,0.3194,true,0.4414,true,0.1953,true,0.478534,true,0.430193,true,0.288488,true,0.590509,true,0.482385,true,0.493822,true,0.459016,true,0.481069,true,0.451117,true,0.474437,true,0.5,true,0.591431,true,0.334721,true,0.212549,true,0.437661,true,0.470513,true,0.478718,true,0.442857,true,0.431113,true,0.449127,true,0.43553,true,0.433412,true,0.190813,true,0.493676,true,0.592218,true,0.217514,true,0.434614,true,0.434905,true,0.31338,true,0.46028,true,0.493211,true,0.75,true,1,true,1,true,1,true,1,true,1,true,1,true,1,true,0.1987,true,4,true,,false,,false,,false,noncoding,true,,false,0,false,,false,,false,TFBS,true,TCCAT,true,0.11699999868869781,true,0,false,0.12200000137090683,true,0,false,c.809-153G>A,true,p.?,true,ENST00000507807.3:c.809-153G>A,true,,false,5:g.1321972C>T,true,1,true,n,true,,false,SNV,true
5-173518915-A-C,true,5,true,173518915,true,A,true,C,true,264690,true,86162,true,0.32552,true,PASS,true,rs889017,true,intergenic,true,"AC008632.1(dist=34331),AC008663.1(dist=43563)",true,,false,,false,"ENST00000518605.1(dist=34331),ENST00000519821.1(dist=43563)",true,,false,0,false,0,false,0,false,0,false,,false,,false,,false,,false,,false,,false,,false,,false,,false,,false,,false,,false,,false,,false,,false,,false,0.837759856227172,true,3.41201182858673,true,0.609,true,0.067,true,43564,true,34331,true,,false,0,false,,false,0,false,0,true,0,true,0,true,0.418,true,-1.263,true,-1.234,true,815,true,0,true,0,true,3,true,17,true,2,true,0,true,0,true,0,true,0,true,0,true,0,true,3,true,0,true,0,true,8,true,0,true,0,true,0,true,0,true,0,true,12,true,2,true,0,true,1,true,0,true,1.28,true,-2.55,true,4.83,true,5.37,true,6.31,true,6.57,true,11.12,true,3.07,true,25.54,true,8.49,true,5.88,true,6.51,true,11.4,true,0.25,true,0.02,true,0,false,1,true,0,true,23,true,3,true,7,true,141,true,47,true,69,true,1369,true,14,true,14,true,-0.038134,true,1.43,true,0.3582803691894,true,3.2827174247975,true,11.1213638041744,true,7.8973919159231,true,0.58054527451825,true,8.10064214072377,true,0.601189591358608,true,2.96948703027658,true,11.8734241921877,true,0.6324,true,0.332468,true,0.2147,true,0.1716,true,0.2008,true,0.3119,true,0.320745,true,0.324631,true,0.179115,true,0.565754,true,0.326109,true,0.200101,true,0.302368,true,0.195556,true,0.297952,true,0.315037,true,0.2,true,0.56607,true,0.17717,true,0.294466,true,0.212734,true,0.298077,true,0.32101,true,0.293333,true,0.214112,true,0.312161,true,0.212604,true,0.233062,true,0.30605,true,0.197931,true,0.56634,true,0.291835,true,0.221464,true,0.213313,true,0.178069,true,0.190698,true,0.191047,true,0.667,true,1,true,1,true,1,true,1,true,1,true,1,true,1,true,0.2615,true,5.15,true,,false,,false,,false,noncoding,true,,false,0,false,,false,,false,TFBS,true,GAACA,true,0.019999999552965164,true,0,false,0.020999999716877937,true,1.059999942779541,true,,false,,false,,false,,false,,false,0,false,,false,,false,,false
6-15462908-T-G,true,6,true,15462908,true,T,true,G,true,264690,true,181008,true,0.683849,true,PASS,true,rs926309,true,intronic,true,JARID2,true,,false,,false,"ENST00000341776.6,ENST00000397311.4",true,,false,0,false,0,false,0,false,0,false,,false,,false,,false,,false,,false,,false,SE_09162,true,,false,,false,,false,,false,,false,,false,,false,,false,,false,16.9896509565173,true,3.23860114856227,true,0.331,true,0,true,214053,true,59114,true,,false,0,false,,false,0,false,0.991,true,1,true,1,true,0.595,true,4.494,true,5.102,true,836,true,1,true,1,true,3,true,0,true,0,true,0,true,6,true,0,true,0,true,0,true,2,true,3,true,0,true,0,true,23,true,0,true,0,true,2,true,0,true,0,true,0,true,0,true,0,true,7,true,0,true,11,true,-21.9,true,26.11,true,38.93,true,11.07,true,12.69,true,4.18,true,14.63,true,4.64,true,8.28,true,25.72,true,27.92,true,8.15,true,3.53,true,0.1,true,0,false,1,true,0,true,16,true,3,true,11,true,154,true,23,true,62,true,1605,true,31,true,53,true,2.01891,true,18.84,true,24.4627895184981,true,13.2549108363767,true,0.969098423168814,true,10.1083768156846,true,1.01769958424854,true,8.10064214072377,true,0.793845968391259,true,2.96948703027658,true,16.249015979473,true,0.7383,true,0.722444,true,0.7594,true,0.8165,true,0.6193,true,0.684,true,0.670025,true,0.703746,true,0.816989,true,0.734889,true,0.665216,true,0.623141,true,0.668488,true,0.617188,true,0.686685,true,0.675139,true,0.613248,true,0.73253,true,0.813167,true,0.70138,true,0.609877,true,0.709987,true,0.669952,true,0.705714,true,0.618693,true,0.706679,true,0.730571,true,0.728842,true,0.701413,true,0.625982,true,0.730518,true,0.701372,true,0.729823,true,0.613588,true,0.814933,true,0.621495,true,0.634984,true,0.667,true,1,true,1,true,1,true,1,true,1,true,1,true,1,true,0,false,3.5,true,,false,,false,,false,noncoding,true,,false,0,false,,false,,false,TFBS,true,GTTGT,true,0.0729999989271164,true,0,false,0.03200000151991844,true,2.75,true,,false,,false,,false,,false,,false,0,false,,false,,false,,false
6-16514923-C-T,true,6,true,16514923,true,C,true,T,true,264690,true,100989,true,0.381537,true,PASS,true,rs236961,true,intronic,true,ATXN1,true,,false,,false,"ENST00000473388.6,ENST00000483591.6",true,,false,0,false,0,false,0,false,0,false,,false,,false,,false,,false,,false,,false,,false,,false,,false,,false,,false,,false,,false,,false,,false,,false,3.03804115571057,true,0.74529831471938,true,0.543,true,0.067,true,235170,true,29788,true,,false,0,false,,false,0,false,0.043,true,0.003,true,0.003,true,0.173,true,0.476,true,0.482,true,931,true,0,true,0,true,2,true,2,true,0,true,0,true,12,true,0,true,0,true,0,true,0,true,0,true,0,true,0,true,31,true,0,true,0,true,0,true,0,true,0,true,1,true,0,true,0,true,0,true,0,true,0.59,true,0.59,true,0.75,true,0.91,true,0.4,true,0.99,true,0,false,1.15,true,0,false,1.3,true,0.24,true,0.34,true,0.27,true,0.01,true,0.15,true,0,false,2,true,0,true,15,true,4,true,4,true,146,true,21,true,52,true,1355,true,0,false,0,false,0.110607,true,2.919,true,3.07530193201313,true,0.11849305898045,true,0.310309481055357,true,0.403790416107301,true,2.35203336495163,true,0.602912489954142,true,2.14586055970384,true,2.96948703027658,true,3.14278746314415,true,0.4312,true,0.420927,true,0.4697,true,0.3829,true,0.3549,true,0.4796,true,0.370488,true,0.350967,true,0.37099,true,0.399927,true,0.370506,true,0.301662,true,0.399267,true,0.184855,true,0.397844,true,0.370469,true,0.181624,true,0.403419,true,0.36174,true,0.456914,true,0.341829,true,0.372423,true,0.370997,true,0.396353,true,0.345291,true,0.361027,true,0.436868,true,0.447789,true,0.463899,true,0.303189,true,0.406392,true,0.455328,true,0.441592,true,0.343286,true,0.366003,true,0.188372,true,0.308036,true,0,false,0,false,0,false,0,false,0,false,0.1,true,0.97,true,1,true,0,false,2.8,true,,false,,false,,false,noncoding,true,,false,0,false,,false,,false,TFBS,true,TGCAG,true,0.11699999868869781,true,0,false,0.12800000607967377,true,9.899999618530273,true,,false,,false,,false,,false,,false,0,false,,false,,false,,false
6-29947284-T-C,true,6,true,29947284,true,T,true,C,true,264690,true,189343,true,0.715339,true,PASS,true,rs2248162,true,intergenic,true,"HLA-A(dist=1400),HCG9(dist=27828)",true,,false,,false,"ENST00000396634.5(dist=1400),ENST00000439514.1(dist=9312)",true,,false,0,false,0,false,0,false,0,false,,false,,false,,false,,false,,false,,false,"SE_22598,SE_18056",true,,false,,false,,false,,false,,false,,false,,false,,false,,false,7.50599562519032,true,2.78729191684724,true,0.464,true,0,true,4217,true,1400,true,,false,0,false,,false,0,false,0.008,true,0.008,true,0.008,true,0.168,true,0.17,true,0.172,true,862,true,0,true,0,true,0,true,0,true,0,true,1,true,16,true,6,true,1,true,4,true,3,true,0,true,0,true,0,true,16,true,0,true,0,true,0,true,0,true,0,true,1,true,0,true,0,true,0,true,0,true,0.112,true,0.112,true,15.53,true,8.78,true,7.81,true,9.9,true,4.79,true,12.76,true,4.51,true,29.93,true,4.98,true,23.17,true,4.58,true,0.39,true,0.65,true,0,false,6,true,1,true,13,true,34,true,6,true,93,true,108,true,44,true,466,true,9,true,9,true,0.460427,true,6.965,true,1.74987676233381,true,8.92122419307295,true,1.43054608403218,true,8.32803844215808,true,0.000505410410081446,true,1.98679127855429,true,0.0328153067805864,true,2.96948703027658,true,10.1287984280886,true,0.7012,true,0.777756,true,0.8127,true,0.9494,true,0.6889,true,0.771,true,0.70052,true,0.758523,true,0.956432,true,0.704059,true,0.69931,true,0.640207,true,0.730347,true,0.681111,true,0.739292,true,0.701807,true,0.691489,true,0.706581,true,0.941874,true,0.793557,true,0.665399,true,0.739437,true,0.700461,true,0.748577,true,0.667821,true,0.749548,true,0.785012,true,0.801219,true,0.797153,true,0.643967,true,0.708725,true,0.792742,true,0.792033,true,0.666419,true,0.948595,true,0.669767,true,0.655875,true,0.083,true,1,true,0.889,true,1,true,1,true,1,true,1,true,1,true,1.714,true,52.45,true,,false,,false,,false,noncoding,true,,false,0,false,,false,,false,low,true,CCTAC,true,0.09399999678134918,true,0,false,0.09399999678134918,true,6.710000038146973,true,,false,,false,,false,,false,,false,0,false,,false,,false,,false
6-43744244-T-C,true,6,true,43744244,true,T,true,C,true,264690,true,228973,true,0.865061,true,PASS,true,rs1535507,true,intergenic,true,"AL136131.2(dist=6410),VEGFA(dist=25969)",true,,false,,false,"ENST00000424283.1(dist=6410),ENST00000476772.5(dist=25940)",true,,false,0,false,0,false,0,false,0,false,,false,,false,,false,,false,,false,,false,,false,,false,,false,,false,,false,,false,,false,,false,,false,,false,3.09835419704275,true,3.49499489608572,true,0.51,true,0,true,6410,true,21458,true,,false,0,false,,false,0,false,0.175,true,0,true,0,true,0.418,true,-0.146,true,-0.128,true,742,true,0,true,0,true,0,true,8,true,0,true,0,true,0,true,0,true,0,true,0,true,0,true,5,true,0,true,2,true,19,true,0,true,0,true,0,true,0,true,1,true,10,true,3,true,0,true,0,true,0,true,5.7,true,-11.4,true,13.04,true,7.51,true,8.11,true,13.96,true,4.54,true,7.21,true,18.56,true,2.91,true,3.55,true,5.66,true,17.55,true,0.42,true,0,false,0,false,1,true,1,true,13,true,6,true,10,true,135,true,28,true,77,true,1303,true,12,true,21,true,0.129268,true,3.149,true,3.89709873014478,true,9.69955310715576,true,5.82147059567582,true,3.65348513096096,true,0.84893993686192,true,3.22072863473201,true,0.742066958760969,true,2.96948703027658,true,12.0766584638066,true,0.944,true,0.826278,true,0.8458,true,0.7014,true,0.841,true,0.7669,true,0.863394,true,0.857548,true,0.695712,true,0.939228,true,0.866058,true,0.814922,true,0.841818,true,0.800668,true,0.844796,true,0.860559,true,0.812766,true,0.937086,true,0.711653,true,0.815167,true,0.841298,true,0.852375,true,0.863289,true,0.847909,true,0.838439,true,0.85512,true,0.842289,true,0.840732,true,0.804965,true,0.812979,true,0.935264,true,0.817486,true,0.841615,true,0.840095,true,0.704284,true,0.787383,true,0.8068,true,0.208,true,1,true,1,true,1,true,1,true,1,true,1,true,1,true,1.836,true,3.7,true,,false,,false,,false,noncoding,true,,false,0,false,,false,,false,TFBS,true,CTTCT,true,0.06199999898672104,true,0,false,0.05000000074505806,true,3.5799999237060547,true,,false,,false,,false,,false,,false,0,false,,false,,false,,false
7-20870003-A-G,true,7,true,20870003,true,A,true,G,true,264690,true,115185,true,0.435169,true,PASS,true,rs204592,true,ncRNA_intronic,true,LINC01162,true,,false,,false,ENST00000447262.2,true,,false,0,false,0,false,0,false,0,false,,false,,false,,false,,false,,false,,false,,false,,false,,false,,false,,false,,false,,false,,false,,false,,false,1.95335710745497,true,0.505158536439659,true,0.517,true,0.013,true,34572,true,153146,true,,false,0,false,,false,0,false,0.004,true,0.005,true,0.005,true,-0.611,true,-0.574,true,-0.507,true,819,true,0,true,0,true,1,true,36,true,0,true,0,true,0,true,0,true,0,true,0,true,0,true,0,true,0,true,0,true,7,true,0,true,0,true,0,true,0,true,0,true,4,true,0,true,0,true,0,true,0,true,0.456,true,-0.912,true,0.79,true,0,false,3.04,true,3.03,true,16.31,true,0.31,true,4.16,true,2.09,true,0.87,true,3.8,true,3.81,true,0.11,true,0,false,0,false,3,true,0,true,16,true,3,true,4,true,127,true,14,true,68,true,1472,true,0,false,0,false,-0.077996,true,1.142,true,0.426479738849217,true,0.727321494191917,true,3.87013469129371,true,1.93396287030204,true,1.91704796259264,true,1.54839422497627,true,1.59449012953352,true,2.96948703027658,true,3.14278746314415,true,0.2284,true,0.393371,true,0.4683,true,0.3671,true,0.5586,true,0.4202,true,0.437013,true,0.510227,true,0.350279,true,0.264364,true,0.439534,true,0.448236,true,0.452727,true,0.670759,true,0.444703,true,0.434328,true,0.670213,true,0.266824,true,0.365476,true,0.430118,true,0.534116,true,0.494852,true,0.437716,true,0.436312,true,0.537383,true,0.503018,true,0.474011,true,0.459041,true,0.434629,true,0.456166,true,0.268918,true,0.429089,true,0.467543,true,0.53549,true,0.358472,true,0.671362,true,0.481185,true,0,false,0.667,true,0.778,true,0.972,true,0.9,true,1,true,1,true,1,true,0.0288,true,2.95,true,,false,,false,,false,noncoding,true,,false,0,false,,false,,false,high,true,GCAGT,true,0.12800000607967377,true,0,false,0.09000000357627869,true,5.590000152587891,true,,false,,false,,false,,false,,false,0,false,,false,,false,,false
7-21800278-C-T,true,7,true,21800278,true,C,true,T,true,264690,true,75266,true,0.284355,true,PASS,true,rs6956349,true,intronic,true,DNAH11,true,,false,,false,"ENST00000328843.10,ENST00000409508.7,ENST00000620169.4",true,,false,0,false,0,false,0,false,0,false,,false,,false,,false,,false,,false,,false,,false,,false,,false,,false,,false,,false,,false,,false,,false,,false,7.96304714564382,true,1.6910629887896,true,0.45,true,0.027,true,257063,true,101044,true,,false,0,false,,false,0,false,0.001,true,0,true,0,true,-1.526,true,-1.889,true,-1.832,true,789,true,0,true,0,true,1,true,30,true,0,true,0,true,0,true,0,true,0,true,0,true,0,true,0,true,0,true,0,true,7,true,0,true,0,true,0,true,0,true,0,true,10,true,0,true,0,true,0,true,0,true,4.14,true,-8.29,true,2.72,true,4.58,true,7.08,true,6.98,true,17.82,true,2.69,true,15.1,true,2.42,true,1.63,true,4.6,true,8.39,true,0.16,true,0.01,true,0,false,1,true,1,true,23,true,3,true,20,true,192,true,34,true,140,true,1838,true,1,true,1,true,-0.595318,true,0.024,true,0.0749303151301434,true,4.47507131513159,true,12.9790788897762,true,0.936231860866765,true,0.0503118481817249,true,4.40148701154001,true,0.0345219655091929,true,2.96948703027658,true,4.69788595321814,true,0.0371,true,0.189696,true,0.2723,true,0.0069,true,0.4453,true,0.2628,true,0.307752,true,0.455732,true,0.0055325,true,0.100166,true,0.309533,true,0.435003,true,0.319091,true,0.505556,true,0.322955,true,0.305857,true,0.510638,true,0.100172,true,0.00711744,true,0.272907,true,0.436315,true,0.465385,true,0.307816,true,0.326996,true,0.433022,true,0.460265,true,0.26938,true,0.277194,true,0.25265,true,0.434403,true,0.100177,true,0.277553,true,0.272761,true,0.434929,true,0.0063857,true,0.5,true,0.432508,true,0.375,true,1,true,1,true,1,true,1,true,1,true,1,true,1,true,0,false,4.7,true,,false,,false,,false,noncoding,true,,false,0,false,,false,,false,TFBS,true,CCCAG,true,0.16300000250339508,true,0,false,0.12200000137090683,true,8.229999542236328,true,,false,,false,,false,,false,,false,0,false,,false,,false,,false
7-27936300-G-C,true,7,true,27936300,true,G,true,C,true,264690,true,81798,true,0.309033,true,PASS,true,rs67152137,true,intronic,true,JAZF1,true,,false,,false,ENST00000420835.4,true,,false,0,false,0,false,0,false,0,false,,false,,false,,false,,false,,false,,false,,false,,false,,false,,false,,false,,false,,false,,false,,false,,false,13.2187512981079,true,2.78750723725807,true,0.444,true,0,true,55757,true,41081,true,,false,0,false,,false,0,false,0.099,true,0.016,true,0.009,true,0.595,true,1.136,true,1.014,true,793,true,0,true,0,true,2,true,12,true,0,true,0,true,0,true,0,true,0,true,0,true,1,true,0,true,1,true,0,true,28,true,0,true,0,true,0,true,0,true,0,true,3,true,0,true,0,true,0,true,1,true,5.68,true,-11.4,true,16.58,true,10.67,true,8.67,true,11.98,true,5.26,true,10.44,true,14.63,true,7.91,true,11.14,true,14.17,true,8.03,true,0.75,true,0.25,true,0,false,1,true,0,true,13,true,3,true,6,true,130,true,15,true,60,true,1321,true,7,true,12,true,0.016525,true,1.903,true,8.03173471180013,true,9.65346701908327,true,2.96420774648231,true,6.08142458602805,true,3.57416325405597,true,12.6226436069955,true,3.57702415949212,true,2.96948703027658,true,9.8732656228791,true,0.2784,true,0.42472,true,0.4597,true,0.874,true,0.2296,true,0.3354,true,0.284034,true,0.312145,true,0.882639,true,0.287442,true,0.278805,true,0.263537,true,0.317766,true,0.239421,true,0.309813,true,0.289601,true,0.259574,true,0.286696,true,0.877392,true,0.30625,true,0.228772,true,0.297695,true,0.284307,true,0.301527,true,0.229888,true,0.305355,true,0.401837,true,0.404309,true,0.336879,true,0.264367,true,0.286061,true,0.299273,true,0.402906,true,0.229242,true,0.87982,true,0.21729,true,0.266986,true,0.833,true,1,true,1,true,1,true,1,true,1,true,1,true,1,true,0,false,3.35,true,,false,,false,,false,noncoding,true,,false,0,false,,false,,false,TFBS,true,CAGAA,true,0.06199999898672104,true,0,false,0.07000000029802322,true,2.7899999618530273,true,,false,,false,,false,,false,,false,0,false,,false,,false,,false
8-23580468-C-A,true,8,true,23580468,true,C,true,A,true,264690,true,157057,true,0.593362,true,PASS,true,rs2928681,true,intergenic,true,"SLC25A37(dist=5005),RNU4-71P(dist=19558)",true,,false,,false,"ENST00000519973.5(dist=5005),ENST00000516258.1(dist=19558)",true,,false,0,false,0,false,0,false,0,false,,false,,false,,false,,false,,false,,false,,false,,false,,false,,false,,false,,false,,false,,false,,false,,false,3.63510490317873,true,3.58993078005965,true,0.364,true,0.013,true,13692,true,5005,true,,false,0,false,,false,0,false,0.055,true,0.016,true,0.017,true,-0.764,true,-0.75,true,-0.736,true,905,true,0,true,0,true,0,true,15,true,0,true,0,true,1,true,0,true,0,true,0,true,0,true,0,true,0,true,0,true,15,true,0,true,0,true,0,true,0,true,0,true,17,true,0,true,0,true,0,true,0,true,0.269,true,0.269,true,2.66,true,4.6,true,5.3,true,5.8,true,8.98,true,3.89,true,16.07,true,3.61,true,3.16,true,6.75,true,4.79,true,0.11,true,0,true,0,false,2,true,0,true,13,true,11,true,4,true,109,true,82,true,42,true,1229,true,0,false,0,false,-0.153658,true,0.725,true,0.351388866249343,true,1.44014239588663,true,4.27311101865868,true,2.66959779182876,true,0.267369288067654,true,3.22316476347547,true,0.601559698979386,true,2.96948703027658,true,3.14278746314415,true,0.5174,true,0.602037,true,0.6744,true,0.7272,true,0.6173,true,0.5204,true,0.591226,true,0.594318,true,0.744813,true,0.550634,true,0.583173,true,0.680489,true,0.604015,true,0.623608,true,0.599628,true,0.599798,true,0.602128,true,0.550146,true,0.739234,true,0.548813,true,0.579817,true,0.583867,true,0.591236,true,0.595057,true,0.586171,true,0.589404,true,0.672284,true,0.660102,true,0.516014,true,0.67443,true,0.54973,true,0.556275,true,0.66701,true,0.582491,true,0.741822,true,0.647196,true,0.6552,true,0.542,true,0.75,true,1,true,1,true,1,true,1,true,1,true,1,true,1.012,true,8.35,true,,false,,false,,false,noncoding,true,,false,0,false,,false,,false,high,true,CACTG,true,0.04100000113248825,true,0,false,0.03999999910593033,true,2.3299999237060547,true,,false,,false,,false,,false,,false,0,false,,false,,false,,false
8-23672008-G-A,true,8,true,23672008,true,G,true,A,true,264690,true,127190,true,0.480524,true,PASS,true,rs1160267,true,intergenic,true,"RNU4-71P(dist=71870),NKX3-1(dist=6689)",true,,false,,false,"ENST00000524174.1(dist=36501),ENST00000380871.4(dist=6685)",true,,false,0,false,0,false,0,false,0,false,,false,,false,,false,,false,,false,,false,,false,,false,,false,,false,,false,,false,,false,,false,,false,,false,9.55502097136111,true,12.7774112662545,true,0.483,true,0.04,true,10882,true,6686,true,,false,0,false,,false,0,false,0.061,true,0,true,0,true,-0.199,true,-0.392,true,-0.396,true,787,true,0,true,0,true,0,true,3,true,1,true,0,true,0,true,0,true,0,true,0,true,0,true,0,true,0,true,0,true,3,true,0,true,0,true,0,true,0,true,0,true,23,true,17,true,1,true,0,true,0,true,7.19,true,-14.4,true,7.12,true,3.7,true,4.87,true,4.56,true,14.05,true,3.02,true,52.1,true,1.85,true,2.52,true,11.47,true,8.49,true,0.16,true,0,true,0,false,1,true,1,true,25,true,1,true,8,true,145,true,18,true,50,true,1355,true,11,true,15,true,-0.274464,true,0.318,true,1.70866839839207,true,3.15382617999736,true,18.1120304940562,true,1.07229248701497,true,1.87879333746341,true,8.95185905149738,true,1.24727688081555,true,2.96948703027658,true,11.3018485047032,true,0.2284,true,0.488818,true,0.5375,true,0.7034,true,0.5258,true,0.547,true,0.479005,true,0.579636,true,0.718534,true,0.286344,true,0.479501,true,0.493923,true,0.505455,true,0.553452,true,0.497204,true,0.478476,true,0.574468,true,0.288825,true,0.706548,true,0.561473,true,0.570461,true,0.578105,true,0.47889,true,0.488528,true,0.566556,true,0.578916,true,0.532421,true,0.516085,true,0.565603,true,0.49154,true,0.290938,true,0.560533,true,0.525352,true,0.568818,true,0.712092,true,0.530374,true,0.484026,true,0.708,true,1,true,1,true,1,true,1,true,1,true,1,true,1,true,0,false,2.45,true,,false,,false,,false,noncoding,true,,false,0,false,,false,,false,TFBS,true,TTGTA,true,0.1860000044107437,true,0,false,0.17900000512599945,true,8.779999732971191,true,,false,,false,,false,,false,,false,0,false,,false,,false,,false
8-56226117-T-G,true,8,true,56226117,true,T,true,G,true,264690,true,22817,true,0.0862027,true,PASS,true,rs36112366,true,intergenic,true,"AC107952.2(dist=2944),SDR16C5(dist=73893)",true,,false,,false,"ENST00000606048.1(dist=2944),ENST00000524200.1(dist=26843)",true,,false,0,false,0,false,0,false,0,false,,false,,false,,false,,false,,false,,false,,false,,false,,false,,false,,false,,false,,false,,false,,false,,false,10.6781597817881,true,10.1258027989236,true,0.457,true,0,true,3429,true,2944,true,,false,0,false,,false,0,false,0.63,true,0,true,0,true,0.455,true,-0.19,true,-0.009,true,854,true,0,true,0,true,0,true,8,true,0,true,0,true,0,true,0,true,0,true,0,true,0,true,0,true,0,true,0,true,7,true,0,true,0,true,0,true,0,true,0,true,23,true,8,true,2,true,0,true,0,true,5.2,true,-10.4,true,7.16,true,6.04,true,7.31,true,9.29,true,16.31,true,4.14,true,51.8,true,4.42,true,6,true,11.43,true,14.98,true,0.42,true,0,true,0,false,1,true,1,true,13,true,1,true,6,true,129,true,17,true,66,true,1310,true,4,true,5,true,0.499989,true,7.328,true,6.72389163890645,true,6.51726818476132,true,20.6744153861127,true,4.57460073372303,true,4.35110954413223,true,3.75570950871482,true,3.24526470900122,true,2.96948703027658,true,7.6077148532322,true,0.0129,true,0.0896565,true,0.1023,true,0.1042,true,0.1233,true,0.135,true,0.0884065,true,0.174234,true,0.0864454,true,0.0215076,true,0.0876314,true,0.114717,true,0.0985401,true,0.12,true,0.107542,true,0.0892312,true,0.131915,true,0.0225943,true,0.084323,true,0.126728,true,0.115671,true,0.171575,true,0.088513,true,0.11692,true,0.116313,true,0.172984,true,0.104651,true,0.11002,true,0.122776,true,0.115098,true,0.0235201,true,0.127625,true,0.106975,true,0.115941,true,0.0853035,true,0.106977,true,0.116307,true,0.292,true,1,true,1,true,1,true,1,true,1,true,1,true,1,true,0.3151,true,1.3,true,,false,,false,,false,noncoding,true,,false,0,false,,false,,false,high,true,CTTCC,true,0.019999999552965164,true,0,false,0.020999999716877937,true,1.5299999713897705,true,,false,,false,,false,,false,,false,0,false,,false,,false,,false
8-56921798-C-T,true,8,true,56921798,true,C,true,T,true,264690,true,161031,true,0.608376,true,PASS,true,rs4738555,true,intergenic,true,"RNU6-13P(dist=4608),IMPAD1(dist=36133)",true,,false,,false,"ENST00000384248.1(dist=4608),ENST00000262644.8(dist=36135)",true,,false,0,false,0,false,0,false,0,false,,false,,false,,false,,false,,false,,false,,false,,false,,false,,false,,false,,false,,false,,false,,false,,false,9.47753123412295,true,5.66818549181312,true,0.358,true,0,true,4714,true,4608,true,,false,0,false,,false,0,false,0.021,true,0,true,0,true,0.457,true,-0.676,true,-0.634,true,724,true,0,true,0,true,0,true,21,true,0,true,0,true,0,true,0,true,0,true,0,true,0,true,0,true,0,true,1,true,13,true,0,true,0,true,0,true,0,true,0,true,12,true,1,true,0,true,0,true,0,true,5.41,true,-10.8,true,5.31,true,4.27,true,4.26,true,3.46,true,4.65,true,2.37,true,17.6,true,5,true,2.41,true,7.82,true,11.98,true,0.21,true,0,false,0,false,1,true,2,true,12,true,3,true,12,true,123,true,27,true,76,true,1405,true,4,true,9,true,-0.293672,true,0.275,true,1.42830978046091,true,3.43631265754606,true,3.51784308827406,true,3.50280205137037,true,0.721377072093203,true,3.47562497425508,true,0.784017136243537,true,2.96948703027658,true,8.28753626807848,true,0.6747,true,0.632788,true,0.5994,true,0.8165,true,0.5636,true,0.4816,true,0.605411,true,0.517594,true,0.80663,true,0.678783,true,0.603196,true,0.650442,true,0.580146,true,0.358575,true,0.586896,true,0.607769,true,0.373932,true,0.680618,true,0.81131,true,0.529895,true,0.555038,true,0.522436,true,0.605411,true,0.593928,true,0.558251,true,0.519868,true,0.575997,true,0.591989,true,0.535587,true,0.649155,true,0.68218,true,0.528606,true,0.582917,true,0.55639,true,0.809143,true,0.34186,true,0.645084,true,0.25,true,1,true,1,true,1,true,1,true,1,true,1,true,1,true,2.335,true,5.15,true,,false,,false,,false,noncoding,true,,false,0,false,,false,,false,TFBS,true,AACAG,true,0.10499999672174454,true,0,false,0.17900000512599945,true,6.820000171661377,true,,false,,false,,false,,false,,false,0,false,,false,,false,,false
8-127401060-G-T,true,8,true,127401060,true,G,true,T,true,264690,true,96263,true,0.363682,true,PASS,true,rs6983267,true,ncRNA_exonic,true,CCAT2,true,,false,,false,ENST00000630920.1,true,,false,0,false,0,false,0,false,0,false,,false,,false,,false,,false,,false,Name=1.31;genehancer_id=GH08I127396;connected_gene=CCAT2;score=550.77;connected_gene=CASC8;score=20.36;connected_gene=MYC;score=1.83;connected_gene=GC08M127382;score=0.37,true,"SE_64356,SE_35992,SE_33889,SE_57016",true,,false,,false,,false,,false,,false,,false,,false,,false,,false,26.4609747481342,true,14.3765525078376,true,0.437,true,0.027,true,661,true,1091,true,,false,0,false,,false,0,false,0.991,true,1,true,1,true,0.595,true,4.494,true,4.895,true,981,true,0,true,0,true,1,true,16,true,9,true,0,true,0,true,0,true,0,true,0,true,0,true,2,true,0,true,3,true,11,true,0,true,0,true,0,true,0,true,0,true,0,true,0,true,0,true,3,true,3,true,7.63,true,7.63,true,17.76,true,17.17,true,9.67,true,29.26,true,8.02,true,68.32,true,11.09,true,2.7,true,4.38,true,6.66,true,12.8,true,3.58,true,0.01,true,0,false,1,true,0,true,17,true,3,true,6,true,148,true,18,true,72,true,1373,true,61,true,133,true,2.319499,true,20.9,true,23.5854870651912,true,14.6928253068077,true,2.46184767503047,true,1.41669408897202,true,1.79826556276043,true,2.98861454978947,true,1.62752178007728,true,2.96948703027658,true,20.4603527957219,true,0.0477,true,0.390176,true,0.4496,true,0.6121,true,0.501,true,0.4683,true,0.373237,true,0.484677,true,0.61165,true,0.10732,true,0.367983,true,0.469468,true,0.41439,true,0.361607,true,0.40186,true,0.378829,true,0.376068,true,0.107949,true,0.573054,true,0.503607,true,0.488493,true,0.528809,true,0.373181,true,0.388783,true,0.493003,true,0.505415,true,0.450633,true,0.436336,true,0.4947,true,0.473336,true,0.108485,true,0.505636,true,0.444444,true,0.490391,true,0.590938,true,0.345794,true,0.4856,true,0.167,true,1,true,1,true,1,true,1,true,1,true,1,true,1,true,0,false,3.2,true,,false,,false,,false,noncoding,true,,false,0,false,,false,,false,TFBS,true,AGGCA,true,0.13899999856948853,true,0,false,0.06800000369548798,true,6.260000228881836,true,,false,,false,,false,,false,,false,0,false,,false,,false,,false
10-110231975-G-GT,true,10,true,110231975,true,G,true,GT,true,264690,true,38801,true,0.14659,true,PASS,true,,false,intronic,true,MXI1,true,,false,,false,"ENST00000460667.5,ENST00000484030.5,ENST00000485566.1",true,,false,0,false,0,false,0,false,0,false,,false,,false,,false,,false,,false,Name=0.38;genehancer_id=GH10I110231;connected_gene=ENSG00000228417;score=11.91;connected_gene=MXI1;score=11.89;connected_gene=SMNDC1;score=11.28;connected_gene=ADD3;score=4.03;connected_gene=PIR57221;score=0.44;connected_gene=ENSG00000214067;score=0.34,true,"SE_05524,SE_04248,SE_03461,SE_07103,SE_08382",true,,false,,false,,false,,false,,false,,false,,false,,false,,false,0,false,0,false,0.507,true,0.054,true,4296,true,48049,true,,false,0,false,,false,0,false,0.007,true,0,true,0,true,0.455,true,-0.437,true,-0.444,true,943,true,0,true,0,true,0,true,4,true,0,true,0,true,14,true,0,true,0,true,0,true,2,true,0,true,0,true,0,true,25,true,0,true,0,true,0,true,0,true,0,true,3,true,0,true,0,true,0,true,0,true,2.01,true,-2.24,true,6.43,true,6.22,true,6.34,true,4.92,true,10.66,true,7.67,true,6.56,true,29.25,true,14.85,true,13.54,true,7.78,true,0.22,true,0.05,true,0,false,0,true,0,true,11,true,2,true,6,true,137,true,13,true,53,true,1204,true,0,false,0,false,-0.204897,true,0.521,true,0,false,0,false,0,false,0,false,0,false,0,false,0,false,0,false,0,false,0.0439,true,0.212859,true,0.3256,true,0.2877,true,0.1461,true,0.3528,true,0.138442,true,0.243088,true,0.29986,true,0.0331044,true,0.131089,true,0.174327,true,0.154562,true,0.0688488,true,0.156759,true,0.146338,true,0.0714286,true,0.034158,true,0.313855,true,0.340708,true,0.145413,true,0.223307,true,0.13963,true,0.159091,true,0.147382,true,0.233802,true,0.284874,true,0.293326,true,0.330258,true,0.179048,true,0.0350495,true,0.343072,true,0.288537,true,0.146235,true,0.307393,true,0.0660377,true,0.197198,true,0.167,true,1,true,1,true,1,true,1,true,1,true,1,true,1,true,0.4255,true,3.4,true,,false,,false,,false,,false,,false,0,false,,false,,false,,false,,false,0,false,0,false,0,false,0,false,,false,,false,,false,,false,,false,0,false,,false,,false,,false
11-34696732-G-GT,true,11,true,34696732,true,G,true,GT,true,264690,true,71413,true,0.269799,true,SVM;DISC;EXHET,true,,false,intergenic,true,"EHF(dist=35675),APIP(dist=156362)",true,,false,,false,"ENST00000257831.7(dist=35675),ENST00000605070.1(dist=12868)",true,,false,0,false,0,false,0,false,0,false,,false,,false,,false,,false,,false,,false,,false,,false,,false,,false,,false,,false,,false,,false,,false,,false,0,false,0,false,0.307,true,0.013,true,12869,true,13430,true,,false,0,false,,false,0,false,0.908,true,0.679,true,0.674,true,0.382,true,0.02,true,0.013,true,821,true,0,true,0,true,1,true,28,true,0,true,0,true,2,true,0,true,0,true,0,true,0,true,0,true,0,true,0,true,9,true,0,true,0,true,0,true,0,true,0,true,7,true,1,true,0,true,0,true,0,true,1.02,true,-0.0707,true,3.88,true,6.29,true,3.05,true,2.8,true,8.59,true,4.57,true,13.65,true,2.51,true,2.73,true,5.18,true,2.75,true,0.1,true,0,true,0,false,0,true,0,true,11,true,5,true,4,true,127,true,31,true,59,true,1453,true,0,false,0,false,1.280061,true,14.38,true,0,false,0,false,0,false,0,false,0,false,0,false,0,false,0,false,0,false,0.2398,true,0.344649,true,0.4121,true,0.4206,true,0.2952,true,0.411,true,0.312294,true,0.255695,true,0.421637,true,0.265147,true,0.303877,true,0.39342,true,0.307832,true,0.171111,true,0.316231,true,0.321269,true,0.155319,true,0.263846,true,0.437201,true,0.393069,true,0.306325,true,0.272201,true,0.31204,true,0.325048,true,0.306458,true,0.263444,true,0.408208,true,0.40241,true,0.39539,true,0.38994,true,0.262741,true,0.392539,true,0.405699,true,0.306381,true,0.429994,true,0.188372,true,0.378922,true,0.292,true,1,true,1,true,1,true,1,true,1,true,1,true,1,true,0.1191,true,3.45,true,,false,,false,,false,,false,,false,0,false,,false,,false,,false,,false,0,false,0,false,0,false,0,false,,false,,false,,false,,false,,false,0,false,,false,,false,,false
3-160412804-T-TTATC,true,3,true,160412804,true,T,true,TTATC,true,264690,true,136839,true,0.516978,true,PASS,true,rs10673842,true,intronic,true,"AC079594.2,SMC4",true,,false,,false,"ENST00000468653.5,ENST00000470240.5,ENST00000494612.1",true,,false,0,false,0,false,0,false,0,false,,false,,false,,false,,false,,false,,false,,false,,false,,false,,false,,false,,false,,false,,false,,false,,false,0,false,0,false,0.38,true,0.013,true,469,true,48,true,,false,0,false,,false,0,false,0.058,true,0.021,true,0.022,true,0.475,true,1.255,true,1.274,true,756,true,0,true,0,true,0,true,0,true,0,true,1,true,26,true,10,true,3,true,0,true,1,true,0,true,0,true,0,true,7,true,0,true,0,true,0,true,0,true,0,true,0,true,0,true,0,true,0,true,0,true,1.92,true,1.92,true,7.61,true,9.4,true,5.28,true,6.51,true,6.56,true,15.46,true,6.33,true,63.75,true,49.29,true,19.02,true,6.38,true,0.35,true,1.49,true,0,false,1,true,4,true,11,true,4,true,11,true,128,true,13,true,61,true,1310,true,3,true,3,true,0.102257,true,2.819,true,0,false,0,false,0,false,0,false,0,false,0,false,0,false,0,false,0,false,0.6067,true,0.446086,true,0.4481,true,0.244,true,0.5159,true,0.364,true,0.533809,true,0.45857,true,0.24169,true,0.57402,true,0.535312,true,0.613636,true,0.50457,true,0.710291,true,0.502793,true,0.532208,true,0.693133,true,0.571022,true,0.255981,true,0.402318,true,0.541332,true,0.455712,true,0.53433,true,0.500949,true,0.536009,true,0.457229,true,0.442432,true,0.438391,true,0.413121,true,0.612611,true,0.568471,true,0.399837,true,0.440684,true,0.539092,true,0.249358,true,0.728972,true,0.609375,true,0.833,true,1,true,1,true,1,true,1,true,1,true,1,true,1,true,0.0575,true,2.15,true,,false,,false,,false,,false,,false,0,false,,false,,false,,false,,false,0,false,0,false,0,false,0,false,,false,,false,,false,,false,,false,0,false,,false,,false,,false
8-80899331-CA-C,true,8,true,80899331,true,CA,true,C,true,264690,true,101119,true,0.382028,true,PASS,true,rs11342220,true,ncRNA_intronic,true,AC012533.1,true,,false,,false,"ENST00000327835.7(dist=24551),ENST00000220597.4(dist=68478)",true,,false,0,false,0,false,0,false,0,false,,false,,false,,false,,false,,false,Name=0.77;genehancer_id=GH08I080900;connected_gene=ZNF704;score=17.62;connected_gene=FTH1P11;score=5.27;connected_gene=ENSG00000254060;score=0.12,true,,false,,false,,false,,false,,false,,false,,false,,false,,false,,false,0,false,0,false,0.523,true,0.027,true,24551,true,68479,true,,false,0,false,,false,0,false,0.147,true,0.011,true,0.012,true,0.225,true,-0.157,true,-0.12,true,745,true,0,true,0,true,0,true,6,true,0,true,0,true,0,true,0,true,0,true,0,true,0,true,2,true,0,true,3,true,23,true,0,true,0,true,0,true,0,true,0,true,5,true,2,true,2,true,3,true,2,true,0.97,true,-1.94,true,5.65,true,7.34,true,2.83,true,5.79,true,3.05,true,13.67,true,3.69,true,0,false,0.25,true,3.62,true,7.31,true,1.34,true,0.01,true,0,false,0,true,0,true,13,true,2,true,6,true,119,true,16,true,57,true,1154,true,2,true,2,true,-0.04267,true,1.395,true,0,false,0,false,0,false,0,false,0,false,0,false,0,false,0,false,0,false,0.2186,true,0.361821,true,0.5548,true,0.369,true,0.4354,true,0.3354,true,0.374362,true,0.385925,true,0.335873,true,0.26233,true,0.372955,true,0.407139,true,0.393248,true,0.453333,true,0.405959,true,0.37586,true,0.457447,true,0.265233,true,0.330732,true,0.335644,true,0.412146,true,0.413771,true,0.374578,true,0.419202,true,0.412409,true,0.398975,true,0.50311,true,0.510392,true,0.325623,true,0.408915,true,0.267709,true,0.337925,true,0.506256,true,0.412257,true,0.333119,true,0.448837,true,0.414526,true,0,false,0,false,0,false,0,false,0,false,0.06,true,0.82,true,1,true,0.371,true,3.4,true,,false,,false,,false,,false,,false,0,false,,false,,false,,false,,false,0,false,0,false,0,false,0,false,,false,,false,,false,,false,,false,0,false,,false,,false,,false
